file,line,type,commit,author,date,time,timezone,datetime,depth,length
style.css,1,css,bcc90724,shivamsharma0608,2026-04-09,16:36:07,-07:00,2026-04-09T16:36:07-07:00,0,5
style.css,2,css,bcc90724,shivamsharma0608,2026-04-09,16:36:07,-07:00,2026-04-09T16:36:07-07:00,1,31
style.css,3,css,bcc90724,shivamsharma0608,2026-04-09,16:36:07,-07:00,2026-04-09T16:36:07-07:00,1,32
style.css,4,css,f132b532,shivamsharma0608,2026-04-16,16:50:11,-07:00,2026-04-16T16:50:11-07:00,1,23
style.css,5,css,f132b532,shivamsharma0608,2026-04-16,16:50:11,-07:00,2026-04-16T16:50:11-07:00,1,39
style.css,6,css,bcc90724,shivamsharma0608,2026-04-09,16:36:07,-07:00,2026-04-09T16:36:07-07:00,0,0
style.css,7,css,bcc90724,shivamsharma0608,2026-04-09,16:36:07,-07:00,2026-04-09T16:36:07-07:00,0,0
style.css,8,css,3f714ae7,shivamsharma0608,2026-04-03,16:22:14,-07:00,2026-04-03T16:22:14-07:00,0,4
style.css,9,css,bcc90724,shivamsharma0608,2026-04-09,16:36:07,-07:00,2026-04-09T16:36:07-07:00,1,23
style.css,10,css,bcc90724,shivamsharma0608,2026-04-09,16:36:07,-07:00,2026-04-09T16:36:07-07:00,1,15
style.css,11,css,bcc90724,shivamsharma0608,2026-04-09,16:36:07,-07:00,2026-04-09T16:36:07-07:00,1,42
style.css,12,css,bcc90724,shivamsharma0608,2026-04-09,16:36:07,-07:00,2026-04-09T16:36:07-07:00,0,0
style.css,13,css,bcc90724,shivamsharma0608,2026-04-09,16:36:07,-07:00,2026-04-09T16:36:07-07:00,0,0
style.css,14,css,bcc90724,shivamsharma0608,2026-04-09,16:36:07,-07:00,2026-04-09T16:36:07-07:00,0,3
style.css,15,css,bcc90724,shivamsharma0608,2026-04-09,16:36:07,-07:00,2026-04-09T16:36:07-07:00,1,12
style.css,16,css,bcc90724,shivamsharma0608,2026-04-09,16:36:07,-07:00,2026-04-09T16:36:07-07:00,1,17
style.css,17,css,f132b532,shivamsharma0608,2026-04-16,16:50:11,-07:00,2026-04-16T16:50:11-07:00,1,43
style.css,18,css,bcc90724,shivamsharma0608,2026-04-09,16:36:07,-07:00,2026-04-09T16:36:07-07:00,0,0
style.css,19,css,bcc90724,shivamsharma0608,2026-04-09,16:36:07,-07:00,2026-04-09T16:36:07-07:00,0,0
style.css,20,css,f132b532,shivamsharma0608,2026-04-16,16:50:11,-07:00,2026-04-16T16:50:11-07:00,0,0
style.css,21,css,bcc90724,shivamsharma0608,2026-04-09,16:36:07,-07:00,2026-04-09T16:36:07-07:00,0,5
style.css,22,css,bcc90724,shivamsharma0608,2026-04-09,16:36:07,-07:00,2026-04-09T16:36:07-07:00,1,6
style.css,23,css,bcc90724,shivamsharma0608,2026-04-09,16:36:07,-07:00,2026-04-09T16:36:07-07:00,1,20
style.css,24,css,bcc90724,shivamsharma0608,2026-04-09,16:36:07,-07:00,2026-04-09T16:36:07-07:00,1,13
style.css,25,css,bcc90724,shivamsharma0608,2026-04-09,16:36:07,-07:00,2026-04-09T16:36:07-07:00,1,17
style.css,26,css,bcc90724,shivamsharma0608,2026-04-09,16:36:07,-07:00,2026-04-09T16:36:07-07:00,1,13
style.css,27,css,bcc90724,shivamsharma0608,2026-04-09,16:36:07,-07:00,2026-04-09T16:36:07-07:00,0,0
style.css,28,css,bcc90724,shivamsharma0608,2026-04-09,16:36:07,-07:00,2026-04-09T16:36:07-07:00,0,0
style.css,29,css,bcc90724,shivamsharma0608,2026-04-09,16:36:07,-07:00,2026-04-09T16:36:07-07:00,0,13
style.css,30,css,f132b532,shivamsharma0608,2026-04-16,16:50:11,-07:00,2026-04-16T16:50:11-07:00,1,36
style.css,31,css,bcc90724,shivamsharma0608,2026-04-09,16:36:07,-07:00,2026-04-09T16:36:07-07:00,1,20
style.css,32,css,f132b532,shivamsharma0608,2026-04-16,16:50:11,-07:00,2026-04-16T16:50:11-07:00,1,16
style.css,33,css,bcc90724,shivamsharma0608,2026-04-09,16:36:07,-07:00,2026-04-09T16:36:07-07:00,0,0
style.css,34,css,bcc90724,shivamsharma0608,2026-04-09,16:36:07,-07:00,2026-04-09T16:36:07-07:00,0,0
style.css,35,css,bcc90724,shivamsharma0608,2026-04-09,16:36:07,-07:00,2026-04-09T16:36:07-07:00,0,11
style.css,36,css,bcc90724,shivamsharma0608,2026-04-09,16:36:07,-07:00,2026-04-09T16:36:07-07:00,1,45
style.css,37,css,bcc90724,shivamsharma0608,2026-04-09,16:36:07,-07:00,2026-04-09T16:36:07-07:00,1,20
style.css,38,css,8e0d1658,shivamsharma0608,2026-04-16,15:39:56,-07:00,2026-04-16T15:39:56-07:00,1,69
style.css,39,css,bcc90724,shivamsharma0608,2026-04-09,16:36:07,-07:00,2026-04-09T16:36:07-07:00,0,0
style.css,40,css,bcc90724,shivamsharma0608,2026-04-09,16:36:07,-07:00,2026-04-09T16:36:07-07:00,0,0
style.css,41,css,bcc90724,shivamsharma0608,2026-04-09,16:36:07,-07:00,2026-04-09T16:36:07-07:00,0,14
style.css,42,css,bcc90724,shivamsharma0608,2026-04-09,16:36:07,-07:00,2026-04-09T16:36:07-07:00,1,11
style.css,43,css,bcc90724,shivamsharma0608,2026-04-09,16:36:07,-07:00,2026-04-09T16:36:07-07:00,1,12
style.css,44,css,bcc90724,shivamsharma0608,2026-04-09,16:36:07,-07:00,2026-04-09T16:36:07-07:00,1,17
style.css,45,css,bcc90724,shivamsharma0608,2026-04-09,16:36:07,-07:00,2026-04-09T16:36:07-07:00,1,16
style.css,46,css,bcc90724,shivamsharma0608,2026-04-09,16:36:07,-07:00,2026-04-09T16:36:07-07:00,0,0
style.css,47,css,bcc90724,shivamsharma0608,2026-04-09,16:36:07,-07:00,2026-04-09T16:36:07-07:00,0,0
style.css,48,css,8e0d1658,shivamsharma0608,2026-04-16,15:39:56,-07:00,2026-04-16T15:39:56-07:00,0,31
style.css,49,css,bcc90724,shivamsharma0608,2026-04-09,16:36:07,-07:00,2026-04-09T16:36:07-07:00,1,12
style.css,50,css,bcc90724,shivamsharma0608,2026-04-09,16:36:07,-07:00,2026-04-09T16:36:07-07:00,0,0
style.css,51,css,bcc90724,shivamsharma0608,2026-04-09,16:36:07,-07:00,2026-04-09T16:36:07-07:00,0,0
style.css,52,css,bcc90724,shivamsharma0608,2026-04-09,16:36:07,-07:00,2026-04-09T16:36:07-07:00,0,4
style.css,53,css,bcc90724,shivamsharma0608,2026-04-09,16:36:07,-07:00,2026-04-09T16:36:07-07:00,1,12
style.css,54,css,bcc90724,shivamsharma0608,2026-04-09,16:36:07,-07:00,2026-04-09T16:36:07-07:00,1,30
style.css,55,css,bcc90724,shivamsharma0608,2026-04-09,16:36:07,-07:00,2026-04-09T16:36:07-07:00,1,7
style.css,56,css,bcc90724,shivamsharma0608,2026-04-09,16:36:07,-07:00,2026-04-09T16:36:07-07:00,0,0
style.css,57,css,bcc90724,shivamsharma0608,2026-04-09,16:36:07,-07:00,2026-04-09T16:36:07-07:00,0,0
style.css,58,css,bcc90724,shivamsharma0608,2026-04-09,16:36:07,-07:00,2026-04-09T16:36:07-07:00,0,5
style.css,59,css,bcc90724,shivamsharma0608,2026-04-09,16:36:07,-07:00,2026-04-09T16:36:07-07:00,1,12
style.css,60,css,bcc90724,shivamsharma0608,2026-04-09,16:36:07,-07:00,2026-04-09T16:36:07-07:00,1,29
style.css,61,css,bcc90724,shivamsharma0608,2026-04-09,16:36:07,-07:00,2026-04-09T16:36:07-07:00,1,18
style.css,62,css,bcc90724,shivamsharma0608,2026-04-09,16:36:07,-07:00,2026-04-09T16:36:07-07:00,0,0
style.css,63,css,bcc90724,shivamsharma0608,2026-04-09,16:36:07,-07:00,2026-04-09T16:36:07-07:00,0,0
style.css,64,css,bcc90724,shivamsharma0608,2026-04-09,16:36:07,-07:00,2026-04-09T16:36:07-07:00,0,6
style.css,65,css,bcc90724,shivamsharma0608,2026-04-09,16:36:07,-07:00,2026-04-09T16:36:07-07:00,1,18
style.css,66,css,bcc90724,shivamsharma0608,2026-04-09,16:36:07,-07:00,2026-04-09T16:36:07-07:00,0,0
style.css,67,css,bcc90724,shivamsharma0608,2026-04-09,16:36:07,-07:00,2026-04-09T16:36:07-07:00,0,0
style.css,68,css,bcc90724,shivamsharma0608,2026-04-09,16:36:07,-07:00,2026-04-09T16:36:07-07:00,0,9
style.css,69,css,bcc90724,shivamsharma0608,2026-04-09,16:36:07,-07:00,2026-04-09T16:36:07-07:00,1,12
style.css,70,css,bcc90724,shivamsharma0608,2026-04-09,16:36:07,-07:00,2026-04-09T16:36:07-07:00,1,58
style.css,71,css,bcc90724,shivamsharma0608,2026-04-09,16:36:07,-07:00,2026-04-09T16:36:07-07:00,1,7
style.css,72,css,bcc90724,shivamsharma0608,2026-04-09,16:36:07,-07:00,2026-04-09T16:36:07-07:00,0,0
style.css,73,css,bcc90724,shivamsharma0608,2026-04-09,16:36:07,-07:00,2026-04-09T16:36:07-07:00,0,0
style.css,74,css,bcc90724,shivamsharma0608,2026-04-09,16:36:07,-07:00,2026-04-09T16:36:07-07:00,0,17
style.css,75,css,bcc90724,shivamsharma0608,2026-04-09,16:36:07,-07:00,2026-04-09T16:36:07-07:00,1,12
style.css,76,css,bcc90724,shivamsharma0608,2026-04-09,16:36:07,-07:00,2026-04-09T16:36:07-07:00,1,26
style.css,77,css,b619e486,shivamsharma0608,2026-04-30,13:41:10,-07:00,2026-04-30T13:41:10-07:00,1,65
style.css,78,css,bcc90724,shivamsharma0608,2026-04-09,16:36:07,-07:00,2026-04-09T16:36:07-07:00,0,0
style.css,79,css,bcc90724,shivamsharma0608,2026-04-09,16:36:07,-07:00,2026-04-09T16:36:07-07:00,0,0
style.css,80,css,bcc90724,shivamsharma0608,2026-04-09,16:36:07,-07:00,2026-04-09T16:36:07-07:00,0,20
style.css,81,css,bcc90724,shivamsharma0608,2026-04-09,16:36:07,-07:00,2026-04-09T16:36:07-07:00,1,8
style.css,82,css,bcc90724,shivamsharma0608,2026-04-09,16:36:07,-07:00,2026-04-09T16:36:07-07:00,0,0
style.css,83,css,bcc90724,shivamsharma0608,2026-04-09,16:36:07,-07:00,2026-04-09T16:36:07-07:00,0,0
style.css,84,css,bcc90724,shivamsharma0608,2026-04-09,16:36:07,-07:00,2026-04-09T16:36:07-07:00,0,2
style.css,85,css,bcc90724,shivamsharma0608,2026-04-09,16:36:07,-07:00,2026-04-09T16:36:07-07:00,1,14
style.css,86,css,bcc90724,shivamsharma0608,2026-04-09,16:36:07,-07:00,2026-04-09T16:36:07-07:00,0,0
style.css,87,css,bcc90724,shivamsharma0608,2026-04-09,16:36:07,-07:00,2026-04-09T16:36:07-07:00,0,0
style.css,88,css,bcc90724,shivamsharma0608,2026-04-09,16:36:07,-07:00,2026-04-09T16:36:07-07:00,0,22
style.css,89,css,bcc90724,shivamsharma0608,2026-04-09,16:36:07,-07:00,2026-04-09T16:36:07-07:00,1,15
style.css,90,css,bcc90724,shivamsharma0608,2026-04-09,16:36:07,-07:00,2026-04-09T16:36:07-07:00,1,17
style.css,91,css,bcc90724,shivamsharma0608,2026-04-09,16:36:07,-07:00,2026-04-09T16:36:07-07:00,0,0
style.css,92,css,bcc90724,shivamsharma0608,2026-04-09,16:36:07,-07:00,2026-04-09T16:36:07-07:00,0,0
style.css,93,css,bcc90724,shivamsharma0608,2026-04-09,16:36:07,-07:00,2026-04-09T16:36:07-07:00,0,2
style.css,94,css,bcc90724,shivamsharma0608,2026-04-09,16:36:07,-07:00,2026-04-09T16:36:07-07:00,1,14
style.css,95,css,bcc90724,shivamsharma0608,2026-04-09,16:36:07,-07:00,2026-04-09T16:36:07-07:00,1,15
style.css,96,css,bcc90724,shivamsharma0608,2026-04-09,16:36:07,-07:00,2026-04-09T16:36:07-07:00,1,17
style.css,97,css,bcc90724,shivamsharma0608,2026-04-09,16:36:07,-07:00,2026-04-09T16:36:07-07:00,0,0
style.css,98,css,bcc90724,shivamsharma0608,2026-04-09,16:36:07,-07:00,2026-04-09T16:36:07-07:00,1,38
style.css,99,css,bcc90724,shivamsharma0608,2026-04-09,16:36:07,-07:00,2026-04-09T16:36:07-07:00,3,15
style.css,100,css,bcc90724,shivamsharma0608,2026-04-09,16:36:07,-07:00,2026-04-09T16:36:07-07:00,3,17
style.css,101,css,3f714ae7,shivamsharma0608,2026-04-03,16:22:14,-07:00,2026-04-03T16:22:14-07:00,1,0
style.css,102,css,bcc90724,shivamsharma0608,2026-04-09,16:36:07,-07:00,2026-04-09T16:36:07-07:00,0,0
style.css,103,css,bcc90724,shivamsharma0608,2026-04-09,16:36:07,-07:00,2026-04-09T16:36:07-07:00,0,0
style.css,104,css,bcc90724,shivamsharma0608,2026-04-09,16:36:07,-07:00,2026-04-09T16:36:07-07:00,0,11
style.css,105,css,bcc90724,shivamsharma0608,2026-04-09,16:36:07,-07:00,2026-04-09T16:36:07-07:00,0,12
style.css,106,css,bcc90724,shivamsharma0608,2026-04-09,16:36:07,-07:00,2026-04-09T16:36:07-07:00,1,15
style.css,107,css,e784daa3,shivamsharma0608,2026-04-16,17:19:04,-07:00,2026-04-16T17:19:04-07:00,1,16
style.css,108,css,e784daa3,shivamsharma0608,2026-04-16,17:19:04,-07:00,2026-04-16T17:19:04-07:00,1,11
style.css,109,css,e784daa3,shivamsharma0608,2026-04-16,17:19:04,-07:00,2026-04-16T17:19:04-07:00,1,17
style.css,110,css,bcc90724,shivamsharma0608,2026-04-09,16:36:07,-07:00,2026-04-09T16:36:07-07:00,1,20
style.css,111,css,bcc90724,shivamsharma0608,2026-04-09,16:36:07,-07:00,2026-04-09T16:36:07-07:00,0,0
style.css,112,css,bcc90724,shivamsharma0608,2026-04-09,16:36:07,-07:00,2026-04-09T16:36:07-07:00,0,0
style.css,113,css,bcc90724,shivamsharma0608,2026-04-09,16:36:07,-07:00,2026-04-09T16:36:07-07:00,0,11
style.css,114,css,bcc90724,shivamsharma0608,2026-04-09,16:36:07,-07:00,2026-04-09T16:36:07-07:00,1,16
style.css,115,css,e784daa3,shivamsharma0608,2026-04-16,17:19:04,-07:00,2026-04-16T17:19:04-07:00,1,16
style.css,116,css,e784daa3,shivamsharma0608,2026-04-16,17:19:04,-07:00,2026-04-16T17:19:04-07:00,1,11
style.css,117,css,bcc90724,shivamsharma0608,2026-04-09,16:36:07,-07:00,2026-04-09T16:36:07-07:00,0,0
style.css,118,css,bcc90724,shivamsharma0608,2026-04-09,16:36:07,-07:00,2026-04-09T16:36:07-07:00,0,0
style.css,119,css,bcc90724,shivamsharma0608,2026-04-09,16:36:07,-07:00,2026-04-09T16:36:07-07:00,0,13
style.css,120,css,bcc90724,shivamsharma0608,2026-04-09,16:36:07,-07:00,2026-04-09T16:36:07-07:00,1,25
style.css,121,css,bcc90724,shivamsharma0608,2026-04-09,16:36:07,-07:00,2026-04-09T16:36:07-07:00,1,20
style.css,122,css,bcc90724,shivamsharma0608,2026-04-09,16:36:07,-07:00,2026-04-09T16:36:07-07:00,0,0
style.css,123,css,bcc90724,shivamsharma0608,2026-04-09,16:36:07,-07:00,2026-04-09T16:36:07-07:00,0,0
style.css,124,css,bcc90724,shivamsharma0608,2026-04-09,16:36:07,-07:00,2026-04-09T16:36:07-07:00,0,19
style.css,125,css,bcc90724,shivamsharma0608,2026-04-09,16:36:07,-07:00,2026-04-09T16:36:07-07:00,1,25
style.css,126,css,bcc90724,shivamsharma0608,2026-04-09,16:36:07,-07:00,2026-04-09T16:36:07-07:00,0,0
style.css,127,css,bcc90724,shivamsharma0608,2026-04-09,16:36:07,-07:00,2026-04-09T16:36:07-07:00,0,0
style.css,128,css,bcc90724,shivamsharma0608,2026-04-09,16:36:07,-07:00,2026-04-09T16:36:07-07:00,0,7
style.css,129,css,bcc90724,shivamsharma0608,2026-04-09,16:36:07,-07:00,2026-04-09T16:36:07-07:00,1,16
style.css,130,css,bcc90724,shivamsharma0608,2026-04-09,16:36:07,-07:00,2026-04-09T16:36:07-07:00,0,0
style.css,131,css,bcc90724,shivamsharma0608,2026-04-09,16:36:07,-07:00,2026-04-09T16:36:07-07:00,0,0
style.css,132,css,bcc90724,shivamsharma0608,2026-04-09,16:36:07,-07:00,2026-04-09T16:36:07-07:00,0,10
style.css,133,css,bcc90724,shivamsharma0608,2026-04-09,16:36:07,-07:00,2026-04-09T16:36:07-07:00,1,25
style.css,134,css,f132b532,shivamsharma0608,2026-04-16,16:50:11,-07:00,2026-04-16T16:50:11-07:00,1,43
style.css,135,css,bcc90724,shivamsharma0608,2026-04-09,16:36:07,-07:00,2026-04-09T16:36:07-07:00,1,20
style.css,136,css,bcc90724,shivamsharma0608,2026-04-09,16:36:07,-07:00,2026-04-09T16:36:07-07:00,1,17
style.css,137,css,bcc90724,shivamsharma0608,2026-04-09,16:36:07,-07:00,2026-04-09T16:36:07-07:00,0,0
style.css,138,css,bcc90724,shivamsharma0608,2026-04-09,16:36:07,-07:00,2026-04-09T16:36:07-07:00,0,0
style.css,139,css,bcc90724,shivamsharma0608,2026-04-09,16:36:07,-07:00,2026-04-09T16:36:07-07:00,0,7
style.css,140,css,bcc90724,shivamsharma0608,2026-04-09,16:36:07,-07:00,2026-04-09T16:36:07-07:00,1,19
style.css,141,css,bcc90724,shivamsharma0608,2026-04-09,16:36:07,-07:00,2026-04-09T16:36:07-07:00,0,0
style.css,142,css,bcc90724,shivamsharma0608,2026-04-09,16:36:07,-07:00,2026-04-09T16:36:07-07:00,0,0
style.css,143,css,bcc90724,shivamsharma0608,2026-04-09,16:36:07,-07:00,2026-04-09T16:36:07-07:00,0,14
style.css,144,css,bcc90724,shivamsharma0608,2026-04-09,16:36:07,-07:00,2026-04-09T16:36:07-07:00,1,12
style.css,145,css,bcc90724,shivamsharma0608,2026-04-09,16:36:07,-07:00,2026-04-09T16:36:07-07:00,1,29
style.css,146,css,bcc90724,shivamsharma0608,2026-04-09,16:36:07,-07:00,2026-04-09T16:36:07-07:00,1,22
style.css,147,css,bcc90724,shivamsharma0608,2026-04-09,16:36:07,-07:00,2026-04-09T16:36:07-07:00,1,7
style.css,148,css,bcc90724,shivamsharma0608,2026-04-09,16:36:07,-07:00,2026-04-09T16:36:07-07:00,0,0
style.css,149,css,bcc90724,shivamsharma0608,2026-04-09,16:36:07,-07:00,2026-04-09T16:36:07-07:00,0,0
style.css,150,css,bcc90724,shivamsharma0608,2026-04-09,16:36:07,-07:00,2026-04-09T16:36:07-07:00,0,17
style.css,151,css,bcc90724,shivamsharma0608,2026-04-09,16:36:07,-07:00,2026-04-09T16:36:07-07:00,1,8
style.css,152,css,bcc90724,shivamsharma0608,2026-04-09,16:36:07,-07:00,2026-04-09T16:36:07-07:00,0,0
style.css,153,css,bcc90724,shivamsharma0608,2026-04-09,16:36:07,-07:00,2026-04-09T16:36:07-07:00,0,0
style.css,154,css,bcc90724,shivamsharma0608,2026-04-09,16:36:07,-07:00,2026-04-09T16:36:07-07:00,0,16
style.css,155,css,bcc90724,shivamsharma0608,2026-04-09,16:36:07,-07:00,2026-04-09T16:36:07-07:00,1,8
style.css,156,css,e784daa3,shivamsharma0608,2026-04-16,17:19:04,-07:00,2026-04-16T17:19:04-07:00,1,16
style.css,157,css,e784daa3,shivamsharma0608,2026-04-16,17:19:04,-07:00,2026-04-16T17:19:04-07:00,1,11
style.css,158,css,e784daa3,shivamsharma0608,2026-04-16,17:19:04,-07:00,2026-04-16T17:19:04-07:00,1,17
style.css,159,css,bcc90724,shivamsharma0608,2026-04-09,16:36:07,-07:00,2026-04-09T16:36:07-07:00,0,0
style.css,160,css,bcc90724,shivamsharma0608,2026-04-09,16:36:07,-07:00,2026-04-09T16:36:07-07:00,0,0
style.css,161,css,bcc90724,shivamsharma0608,2026-04-09,16:36:07,-07:00,2026-04-09T16:36:07-07:00,0,8
style.css,162,css,bcc90724,shivamsharma0608,2026-04-09,16:36:07,-07:00,2026-04-09T16:36:07-07:00,1,16
style.css,163,css,bcc90724,shivamsharma0608,2026-04-09,16:36:07,-07:00,2026-04-09T16:36:07-07:00,1,15
style.css,164,css,e784daa3,shivamsharma0608,2026-04-16,17:19:04,-07:00,2026-04-16T17:19:04-07:00,1,16
style.css,165,css,e784daa3,shivamsharma0608,2026-04-16,17:19:04,-07:00,2026-04-16T17:19:04-07:00,1,11
style.css,166,css,bcc90724,shivamsharma0608,2026-04-09,16:36:07,-07:00,2026-04-09T16:36:07-07:00,1,18
style.css,167,css,bcc90724,shivamsharma0608,2026-04-09,16:36:07,-07:00,2026-04-09T16:36:07-07:00,1,12
style.css,168,css,bcc90724,shivamsharma0608,2026-04-09,16:36:07,-07:00,2026-04-09T16:36:07-07:00,1,21
style.css,169,css,bcc90724,shivamsharma0608,2026-04-09,16:36:07,-07:00,2026-04-09T16:36:07-07:00,1,9
style.css,170,css,bcc90724,shivamsharma0608,2026-04-09,16:36:07,-07:00,2026-04-09T16:36:07-07:00,0,0
style.css,171,css,bcc90724,shivamsharma0608,2026-04-09,16:36:07,-07:00,2026-04-09T16:36:07-07:00,0,0
style.css,172,css,bcc90724,shivamsharma0608,2026-04-09,16:36:07,-07:00,2026-04-09T16:36:07-07:00,0,12
style.css,173,css,bcc90724,shivamsharma0608,2026-04-09,16:36:07,-07:00,2026-04-09T16:36:07-07:00,1,12
style.css,174,css,bcc90724,shivamsharma0608,2026-04-09,16:36:07,-07:00,2026-04-09T16:36:07-07:00,1,30
style.css,175,css,bcc90724,shivamsharma0608,2026-04-09,16:36:07,-07:00,2026-04-09T16:36:07-07:00,1,15
style.css,176,css,bcc90724,shivamsharma0608,2026-04-09,16:36:07,-07:00,2026-04-09T16:36:07-07:00,0,0
style.css,177,css,bcc90724,shivamsharma0608,2026-04-09,16:36:07,-07:00,2026-04-09T16:36:07-07:00,0,0
style.css,178,css,bcc90724,shivamsharma0608,2026-04-09,16:36:07,-07:00,2026-04-09T16:36:07-07:00,0,16
style.css,179,css,bcc90724,shivamsharma0608,2026-04-09,16:36:07,-07:00,2026-04-09T16:36:07-07:00,1,12
style.css,180,css,bcc90724,shivamsharma0608,2026-04-09,16:36:07,-07:00,2026-04-09T16:36:07-07:00,1,29
style.css,181,css,bcc90724,shivamsharma0608,2026-04-09,16:36:07,-07:00,2026-04-09T16:36:07-07:00,1,18
style.css,182,css,bcc90724,shivamsharma0608,2026-04-09,16:36:07,-07:00,2026-04-09T16:36:07-07:00,0,0
style.css,183,css,bcc90724,shivamsharma0608,2026-04-09,16:36:07,-07:00,2026-04-09T16:36:07-07:00,0,0
style.css,184,css,bcc90724,shivamsharma0608,2026-04-09,16:36:07,-07:00,2026-04-09T16:36:07-07:00,0,15
style.css,185,css,bcc90724,shivamsharma0608,2026-04-09,16:36:07,-07:00,2026-04-09T16:36:07-07:00,1,16
style.css,186,css,e784daa3,shivamsharma0608,2026-04-16,17:19:04,-07:00,2026-04-16T17:19:04-07:00,1,16
style.css,187,css,bcc90724,shivamsharma0608,2026-04-09,16:36:07,-07:00,2026-04-09T16:36:07-07:00,0,0
style.css,188,css,bcc90724,shivamsharma0608,2026-04-09,16:36:07,-07:00,2026-04-09T16:36:07-07:00,0,0
style.css,189,css,bcc90724,shivamsharma0608,2026-04-09,16:36:07,-07:00,2026-04-09T16:36:07-07:00,0,15
style.css,190,css,bcc90724,shivamsharma0608,2026-04-09,16:36:07,-07:00,2026-04-09T16:36:07-07:00,1,8
style.css,191,css,8e0d1658,shivamsharma0608,2026-04-16,15:39:56,-07:00,2026-04-16T15:39:56-07:00,0,0
style.css,192,css,8e0d1658,shivamsharma0608,2026-04-16,15:39:56,-07:00,2026-04-16T15:39:56-07:00,0,0
style.css,193,css,8e0d1658,shivamsharma0608,2026-04-16,15:39:56,-07:00,2026-04-16T15:39:56-07:00,0,13
style.css,194,css,8e0d1658,shivamsharma0608,2026-04-16,15:39:56,-07:00,2026-04-16T15:39:56-07:00,1,17
style.css,195,css,8e0d1658,shivamsharma0608,2026-04-16,15:39:56,-07:00,2026-04-16T15:39:56-07:00,1,8
style.css,196,css,8e0d1658,shivamsharma0608,2026-04-16,15:39:56,-07:00,2026-04-16T15:39:56-07:00,1,10
style.css,197,css,8e0d1658,shivamsharma0608,2026-04-16,15:39:56,-07:00,2026-04-16T15:39:56-07:00,1,13
style.css,198,css,8e0d1658,shivamsharma0608,2026-04-16,15:39:56,-07:00,2026-04-16T15:39:56-07:00,1,19
style.css,199,css,38934917,shivamsharma0608,2026-04-24,12:23:23,-07:00,2026-04-24T12:23:23-07:00,0,0
style.css,200,css,38934917,shivamsharma0608,2026-04-24,12:23:23,-07:00,2026-04-24T12:23:23-07:00,0,0
style.css,201,css,38934917,shivamsharma0608,2026-04-24,12:23:23,-07:00,2026-04-24T12:23:23-07:00,0,17
style.css,202,css,38934917,shivamsharma0608,2026-04-24,12:23:23,-07:00,2026-04-24T12:23:23-07:00,1,12
style.css,203,css,38934917,shivamsharma0608,2026-04-24,12:23:23,-07:00,2026-04-24T12:23:23-07:00,1,36
style.css,204,css,38934917,shivamsharma0608,2026-04-24,12:23:23,-07:00,2026-04-24T12:23:23-07:00,1,7
style.css,205,css,38934917,shivamsharma0608,2026-04-24,12:23:23,-07:00,2026-04-24T12:23:23-07:00,0,0
style.css,206,css,38934917,shivamsharma0608,2026-04-24,12:23:23,-07:00,2026-04-24T12:23:23-07:00,0,0
style.css,207,css,38934917,shivamsharma0608,2026-04-24,12:23:23,-07:00,2026-04-24T12:23:23-07:00,0,17
style.css,208,css,38934917,shivamsharma0608,2026-04-24,12:23:23,-07:00,2026-04-24T12:23:23-07:00,1,16
style.css,209,css,38934917,shivamsharma0608,2026-04-24,12:23:23,-07:00,2026-04-24T12:23:23-07:00,1,24
style.css,210,css,38934917,shivamsharma0608,2026-04-24,12:23:23,-07:00,2026-04-24T12:23:23-07:00,1,20
style.css,211,css,38934917,shivamsharma0608,2026-04-24,12:23:23,-07:00,2026-04-24T12:23:23-07:00,1,16
style.css,212,css,38934917,shivamsharma0608,2026-04-24,12:23:23,-07:00,2026-04-24T12:23:23-07:00,1,11
style.css,213,css,38934917,shivamsharma0608,2026-04-24,12:23:23,-07:00,2026-04-24T12:23:23-07:00,1,10
style.css,214,css,38934917,shivamsharma0608,2026-04-24,12:23:23,-07:00,2026-04-24T12:23:23-07:00,0,0
style.css,215,css,38934917,shivamsharma0608,2026-04-24,12:23:23,-07:00,2026-04-24T12:23:23-07:00,0,0
style.css,216,css,38934917,shivamsharma0608,2026-04-24,12:23:23,-07:00,2026-04-24T12:23:23-07:00,0,17
style.css,217,css,38934917,shivamsharma0608,2026-04-24,12:23:23,-07:00,2026-04-24T12:23:23-07:00,1,15
style.css,218,css,38934917,shivamsharma0608,2026-04-24,12:23:23,-07:00,2026-04-24T12:23:23-07:00,1,16
style.css,219,css,38934917,shivamsharma0608,2026-04-24,12:23:23,-07:00,2026-04-24T12:23:23-07:00,1,8
style.css,220,css,38934917,shivamsharma0608,2026-04-24,12:23:23,-07:00,2026-04-24T12:23:23-07:00,1,10
style.css,221,css,b619e486,shivamsharma0608,2026-04-30,13:41:10,-07:00,2026-04-30T13:41:10-07:00,0,0
style.css,222,css,b619e486,shivamsharma0608,2026-04-30,13:41:10,-07:00,2026-04-30T13:41:10-07:00,0,0
style.css,223,css,b619e486,shivamsharma0608,2026-04-30,13:41:10,-07:00,2026-04-30T13:41:10-07:00,0,13
style.css,224,css,b619e486,shivamsharma0608,2026-04-30,13:41:10,-07:00,2026-04-30T13:41:10-07:00,1,30
style.css,225,css,b619e486,shivamsharma0608,2026-04-30,13:41:10,-07:00,2026-04-30T13:41:10-07:00,1,34
style.css,226,css,b619e486,shivamsharma0608,2026-04-30,13:41:10,-07:00,2026-04-30T13:41:10-07:00,1,16
style.css,227,css,b619e486,shivamsharma0608,2026-04-30,13:41:10,-07:00,2026-04-30T13:41:10-07:00,1,11
style.css,228,css,b619e486,shivamsharma0608,2026-04-30,13:41:10,-07:00,2026-04-30T13:41:10-07:00,1,17
style.css,229,css,b619e486,shivamsharma0608,2026-04-30,13:41:10,-07:00,2026-04-30T13:41:10-07:00,1,8
style.css,230,css,b619e486,shivamsharma0608,2026-04-30,13:41:10,-07:00,2026-04-30T13:41:10-07:00,0,0
style.css,231,css,b619e486,shivamsharma0608,2026-04-30,13:41:10,-07:00,2026-04-30T13:41:10-07:00,0,0
style.css,232,css,b619e486,shivamsharma0608,2026-04-30,13:41:10,-07:00,2026-04-30T13:41:10-07:00,0,13
style.css,233,css,b619e486,shivamsharma0608,2026-04-30,13:41:10,-07:00,2026-04-30T13:41:10-07:00,1,16
style.css,234,css,b619e486,shivamsharma0608,2026-04-30,13:41:10,-07:00,2026-04-30T13:41:10-07:00,0,0
style.css,235,css,ad35bfb0,shivamsharma0608,2026-04-30,14:05:26,-07:00,2026-04-30T14:05:26-07:00,0,0
style.css,236,css,ad35bfb0,shivamsharma0608,2026-04-30,14:05:26,-07:00,2026-04-30T14:05:26-07:00,0,18
style.css,237,css,ad35bfb0,shivamsharma0608,2026-04-30,14:05:26,-07:00,2026-04-30T14:05:26-07:00,1,14
style.css,238,css,a6d23e18,shivamsharma0608,2026-04-30,15:05:31,-07:00,2026-04-30T15:05:31-07:00,1,13
style.css,239,css,ad35bfb0,shivamsharma0608,2026-04-30,14:05:26,-07:00,2026-04-30T14:05:26-07:00,1,16
style.css,240,css,a6d23e18,shivamsharma0608,2026-04-30,15:05:31,-07:00,2026-04-30T15:05:31-07:00,1,14
style.css,241,css,ad35bfb0,shivamsharma0608,2026-04-30,14:05:26,-07:00,2026-04-30T14:05:26-07:00,0,0
style.css,242,css,54ae515a,shivamsharma0608,2026-04-30,14:12:04,-07:00,2026-04-30T14:12:04-07:00,0,0
style.css,243,css,54ae515a,shivamsharma0608,2026-04-30,14:12:04,-07:00,2026-04-30T14:12:04-07:00,0,16
style.css,244,css,54ae515a,shivamsharma0608,2026-04-30,14:12:04,-07:00,2026-04-30T14:12:04-07:00,1,12
style.css,245,css,54ae515a,shivamsharma0608,2026-04-30,14:12:04,-07:00,2026-04-30T14:12:04-07:00,1,18
style.css,246,css,a6d23e18,shivamsharma0608,2026-04-30,15:05:31,-07:00,2026-04-30T15:05:31-07:00,1,14
style.css,247,css,54ae515a,shivamsharma0608,2026-04-30,14:12:04,-07:00,2026-04-30T14:12:04-07:00,1,7
style.css,248,css,adcb52fb,shivamsharma0608,2026-04-30,14:34:54,-07:00,2026-04-30T14:34:54-07:00,1,16
style.css,249,css,54ae515a,shivamsharma0608,2026-04-30,14:12:04,-07:00,2026-04-30T14:12:04-07:00,0,0
style.css,250,css,54ae515a,shivamsharma0608,2026-04-30,14:12:04,-07:00,2026-04-30T14:12:04-07:00,0,0
style.css,251,css,54ae515a,shivamsharma0608,2026-04-30,14:12:04,-07:00,2026-04-30T14:12:04-07:00,0,7
style.css,252,css,54ae515a,shivamsharma0608,2026-04-30,14:12:04,-07:00,2026-04-30T14:12:04-07:00,1,12
style.css,253,css,54ae515a,shivamsharma0608,2026-04-30,14:12:04,-07:00,2026-04-30T14:12:04-07:00,1,57
style.css,254,css,adcb52fb,shivamsharma0608,2026-04-30,14:34:54,-07:00,2026-04-30T14:34:54-07:00,1,9
style.css,255,css,54ae515a,shivamsharma0608,2026-04-30,14:12:04,-07:00,2026-04-30T14:12:04-07:00,1,11
style.css,256,css,54ae515a,shivamsharma0608,2026-04-30,14:12:04,-07:00,2026-04-30T14:12:04-07:00,1,8
style.css,257,css,54ae515a,shivamsharma0608,2026-04-30,14:12:04,-07:00,2026-04-30T14:12:04-07:00,1,36
style.css,258,css,54ae515a,shivamsharma0608,2026-04-30,14:12:04,-07:00,2026-04-30T14:12:04-07:00,1,19
style.css,259,css,54ae515a,shivamsharma0608,2026-04-30,14:12:04,-07:00,2026-04-30T14:12:04-07:00,1,6
style.css,260,css,54ae515a,shivamsharma0608,2026-04-30,14:12:04,-07:00,2026-04-30T14:12:04-07:00,1,15
style.css,261,css,54ae515a,shivamsharma0608,2026-04-30,14:12:04,-07:00,2026-04-30T14:12:04-07:00,0,0
style.css,262,css,54ae515a,shivamsharma0608,2026-04-30,14:12:04,-07:00,2026-04-30T14:12:04-07:00,0,0
style.css,263,css,54ae515a,shivamsharma0608,2026-04-30,14:12:04,-07:00,2026-04-30T14:12:04-07:00,0,12
style.css,264,css,54ae515a,shivamsharma0608,2026-04-30,14:12:04,-07:00,2026-04-30T14:12:04-07:00,1,12
style.css,265,css,54ae515a,shivamsharma0608,2026-04-30,14:12:04,-07:00,2026-04-30T14:12:04-07:00,1,18
style.css,266,css,54ae515a,shivamsharma0608,2026-04-30,14:12:04,-07:00,2026-04-30T14:12:04-07:00,1,9
style.css,267,css,54ae515a,shivamsharma0608,2026-04-30,14:12:04,-07:00,2026-04-30T14:12:04-07:00,0,0
style.css,268,css,54ae515a,shivamsharma0608,2026-04-30,14:12:04,-07:00,2026-04-30T14:12:04-07:00,0,0
style.css,269,css,54ae515a,shivamsharma0608,2026-04-30,14:12:04,-07:00,2026-04-30T14:12:04-07:00,0,7
style.css,270,css,54ae515a,shivamsharma0608,2026-04-30,14:12:04,-07:00,2026-04-30T14:12:04-07:00,1,20
style.css,271,css,54ae515a,shivamsharma0608,2026-04-30,14:12:04,-07:00,2026-04-30T14:12:04-07:00,1,9
style.css,272,css,54ae515a,shivamsharma0608,2026-04-30,14:12:04,-07:00,2026-04-30T14:12:04-07:00,1,18
style.css,273,css,54ae515a,shivamsharma0608,2026-04-30,14:12:04,-07:00,2026-04-30T14:12:04-07:00,1,29
style.css,274,css,54ae515a,shivamsharma0608,2026-04-30,14:12:04,-07:00,2026-04-30T14:12:04-07:00,1,17
style.css,275,css,54ae515a,shivamsharma0608,2026-04-30,14:12:04,-07:00,2026-04-30T14:12:04-07:00,1,13
style.css,276,css,54ae515a,shivamsharma0608,2026-04-30,14:12:04,-07:00,2026-04-30T14:12:04-07:00,0,0
style.css,277,css,5b5b4fa5,shivamsharma0608,2026-04-30,14:59:43,-07:00,2026-04-30T14:59:43-07:00,0,0
style.css,278,css,5b5b4fa5,shivamsharma0608,2026-04-30,14:59:43,-07:00,2026-04-30T14:59:43-07:00,0,10
style.css,279,css,5b5b4fa5,shivamsharma0608,2026-04-30,14:59:43,-07:00,2026-04-30T14:59:43-07:00,1,10
style.css,280,css,5b5b4fa5,shivamsharma0608,2026-04-30,14:59:43,-07:00,2026-04-30T14:59:43-07:00,1,17
style.css,281,css,5b5b4fa5,shivamsharma0608,2026-04-30,14:59:43,-07:00,2026-04-30T14:59:43-07:00,1,16
style.css,282,css,5b5b4fa5,shivamsharma0608,2026-04-30,14:59:43,-07:00,2026-04-30T14:59:43-07:00,1,12
style.css,283,css,5b5b4fa5,shivamsharma0608,2026-04-30,14:59:43,-07:00,2026-04-30T14:59:43-07:00,1,36
style.css,284,css,5b5b4fa5,shivamsharma0608,2026-04-30,14:59:43,-07:00,2026-04-30T14:59:43-07:00,1,19
style.css,285,css,5b5b4fa5,shivamsharma0608,2026-04-30,14:59:43,-07:00,2026-04-30T14:59:43-07:00,1,17
style.css,286,css,5b5b4fa5,shivamsharma0608,2026-04-30,14:59:43,-07:00,2026-04-30T14:59:43-07:00,1,16
style.css,287,css,5ce94843,shivamsharma0608,2026-04-30,15:11:12,-07:00,2026-04-30T15:11:12-07:00,0,0
style.css,288,css,5ce94843,shivamsharma0608,2026-04-30,15:11:12,-07:00,2026-04-30T15:11:12-07:00,0,0
style.css,289,css,5ce94843,shivamsharma0608,2026-04-30,15:11:12,-07:00,2026-04-30T15:11:12-07:00,0,23
style.css,290,css,5ce94843,shivamsharma0608,2026-04-30,15:11:12,-07:00,2026-04-30T15:11:12-07:00,1,14
style.css,291,css,5ce94843,shivamsharma0608,2026-04-30,15:11:12,-07:00,2026-04-30T15:11:12-07:00,1,16
style.css,292,css,5ce94843,shivamsharma0608,2026-04-30,15:11:12,-07:00,2026-04-30T15:11:12-07:00,0,0
style.css,293,css,5ce94843,shivamsharma0608,2026-04-30,15:11:12,-07:00,2026-04-30T15:11:12-07:00,0,0
style.css,294,css,5ce94843,shivamsharma0608,2026-04-30,15:11:12,-07:00,2026-04-30T15:11:12-07:00,0,51
style.css,295,css,5ce94843,shivamsharma0608,2026-04-30,15:11:12,-07:00,2026-04-30T15:11:12-07:00,1,11
style.css,296,css,5ce94843,shivamsharma0608,2026-04-30,15:11:12,-07:00,2026-04-30T15:11:12-07:00,0,0
style.css,297,css,5ce94843,shivamsharma0608,2026-04-30,15:11:12,-07:00,2026-04-30T15:11:12-07:00,0,0
style.css,298,css,5ce94843,shivamsharma0608,2026-04-30,15:11:12,-07:00,2026-04-30T15:11:12-07:00,0,9
style.css,299,css,5ce94843,shivamsharma0608,2026-04-30,15:11:12,-07:00,2026-04-30T15:11:12-07:00,1,35
style.css,300,css,5ce94843,shivamsharma0608,2026-04-30,15:11:12,-07:00,2026-04-30T15:11:12-07:00,0,0
style.css,301,css,5ce94843,shivamsharma0608,2026-04-30,15:11:12,-07:00,2026-04-30T15:11:12-07:00,0,0
style.css,302,css,5ce94843,shivamsharma0608,2026-04-30,15:11:12,-07:00,2026-04-30T15:11:12-07:00,0,18
style.css,303,css,5ce94843,shivamsharma0608,2026-04-30,15:11:12,-07:00,2026-04-30T15:11:12-07:00,1,17
style.css,304,css,5b5b4fa5,shivamsharma0608,2026-04-30,14:59:43,-07:00,2026-04-30T14:59:43-07:00,0,0
index.js,1,js,84f546aa,shivamsharma0608,2026-04-23,12:59:09,-07:00,2026-04-23T12:59:09-07:00,0,71
index.js,2,js,84f546aa,shivamsharma0608,2026-04-23,12:59:09,-07:00,2026-04-23T12:59:09-07:00,0,0
index.js,3,js,bac9703a,shivamsharma0608,2026-04-24,12:30:21,-07:00,2026-04-24T12:30:21-07:00,0,88
index.js,4,js,bac9703a,shivamsharma0608,2026-04-24,12:30:21,-07:00,2026-04-24T12:30:21-07:00,1,3
index.js,5,js,bac9703a,shivamsharma0608,2026-04-24,12:30:21,-07:00,2026-04-24T12:30:21-07:00,1,14
index.js,6,js,bac9703a,shivamsharma0608,2026-04-24,12:30:21,-07:00,2026-04-24T12:30:21-07:00,0,0
index.js,7,js,bac9703a,shivamsharma0608,2026-04-24,12:30:21,-07:00,2026-04-24T12:30:21-07:00,0,108
index.js,8,js,84f546aa,shivamsharma0608,2026-04-23,12:59:09,-07:00,2026-04-23T12:59:09-07:00,0,60
index.js,9,js,84f546aa,shivamsharma0608,2026-04-23,12:59:09,-07:00,2026-04-23T12:59:09-07:00,0,54
index.js,10,js,84f546aa,shivamsharma0608,2026-04-23,12:59:09,-07:00,2026-04-23T12:59:09-07:00,0,0
index.js,11,js,84f546aa,shivamsharma0608,2026-04-23,12:59:09,-07:00,2026-04-23T12:59:09-07:00,0,59
index.js,12,js,84f546aa,shivamsharma0608,2026-04-23,12:59:09,-07:00,2026-04-23T12:59:09-07:00,0,60
index.js,13,js,84f546aa,shivamsharma0608,2026-04-23,12:59:09,-07:00,2026-04-23T12:59:09-07:00,0,0
index.js,14,js,84f546aa,shivamsharma0608,2026-04-23,12:59:09,-07:00,2026-04-23T12:59:09-07:00,0,17
index.js,15,js,84f546aa,shivamsharma0608,2026-04-23,12:59:09,-07:00,2026-04-23T12:59:09-07:00,1,24
index.js,16,js,84f546aa,shivamsharma0608,2026-04-23,12:59:09,-07:00,2026-04-23T12:59:09-07:00,2,2
index.js,17,js,84f546aa,shivamsharma0608,2026-04-23,12:59:09,-07:00,2026-04-23T12:59:09-07:00,3,55
index.js,18,js,84f546aa,shivamsharma0608,2026-04-23,12:59:09,-07:00,2026-04-23T12:59:09-07:00,3,55
index.js,19,js,84f546aa,shivamsharma0608,2026-04-23,12:59:09,-07:00,2026-04-23T12:59:09-07:00,3,49
index.js,20,js,84f546aa,shivamsharma0608,2026-04-23,12:59:09,-07:00,2026-04-23T12:59:09-07:00,3,49
index.js,21,js,84f546aa,shivamsharma0608,2026-04-23,12:59:09,-07:00,2026-04-23T12:59:09-07:00,2,3
index.js,22,js,84f546aa,shivamsharma0608,2026-04-23,12:59:09,-07:00,2026-04-23T12:59:09-07:00,1,0
index.js,23,js,84f546aa,shivamsharma0608,2026-04-23,12:59:09,-07:00,2026-04-23T12:59:09-07:00,0,0
index.html,1,html,09c1b1c0,shivamsharma0608,2026-04-02,13:31:11,-07:00,2026-04-02T13:31:11-07:00,0,13
index.html,2,html,09c1b1c0,shivamsharma0608,2026-04-02,13:31:11,-07:00,2026-04-02T13:31:11-07:00,0,14
index.html,3,html,09c1b1c0,shivamsharma0608,2026-04-02,13:31:11,-07:00,2026-04-02T13:31:11-07:00,0,4
index.html,4,html,09c1b1c0,shivamsharma0608,2026-04-02,13:31:11,-07:00,2026-04-02T13:31:11-07:00,2,20
index.html,5,html,09c1b1c0,shivamsharma0608,2026-04-02,13:31:11,-07:00,2026-04-02T13:31:11-07:00,2,68
index.html,6,html,09c1b1c0,shivamsharma0608,2026-04-02,13:31:11,-07:00,2026-04-02T13:31:11-07:00,2,55
index.html,7,html,0891a36c,shivamsharma0608,2026-04-03,16:34:52,-07:00,2026-04-03T16:34:52-07:00,2,38
index.html,8,html,ef0876bd,shivamsharma0608,2026-04-16,16:58:19,-07:00,2026-04-16T16:58:19-07:00,2,45
index.html,9,html,0891a36c,shivamsharma0608,2026-04-03,16:34:52,-07:00,2026-04-03T16:34:52-07:00,0,5
index.html,10,html,84f546aa,shivamsharma0608,2026-04-23,12:59:09,-07:00,2026-04-23T12:59:09-07:00,0,0
index.html,11,html,0891a36c,shivamsharma0608,2026-04-03,16:34:52,-07:00,2026-04-03T16:34:52-07:00,0,4
index.html,12,html,8e0d1658,shivamsharma0608,2026-04-16,15:39:56,-07:00,2026-04-16T15:39:56-07:00,2,0
index.html,13,html,0891a36c,shivamsharma0608,2026-04-03,16:34:52,-07:00,2026-04-03T16:34:52-07:00,0,0
index.html,14,html,09c1b1c0,shivamsharma0608,2026-04-02,13:31:11,-07:00,2026-04-02T13:31:11-07:00,2,20
index.html,15,html,09c1b1c0,shivamsharma0608,2026-04-02,13:31:11,-07:00,2026-04-02T13:31:11-07:00,2,67
index.html,16,html,09c1b1c0,shivamsharma0608,2026-04-02,13:31:11,-07:00,2026-04-02T13:31:11-07:00,4,63
index.html,17,html,09c1b1c0,shivamsharma0608,2026-04-02,13:31:11,-07:00,2026-04-02T13:31:11-07:00,4,75
index.html,18,html,09c1b1c0,shivamsharma0608,2026-04-02,13:31:11,-07:00,2026-04-02T13:31:11-07:00,4,74
index.html,19,html,09c1b1c0,shivamsharma0608,2026-04-02,13:31:11,-07:00,2026-04-02T13:31:11-07:00,4,71
index.html,20,html,09c1b1c0,shivamsharma0608,2026-04-02,13:31:11,-07:00,2026-04-02T13:31:11-07:00,4,58
index.html,21,html,09c1b1c0,shivamsharma0608,2026-04-02,13:31:11,-07:00,2026-04-02T13:31:11-07:00,4,37
index.html,22,html,09c1b1c0,shivamsharma0608,2026-04-02,13:31:11,-07:00,2026-04-02T13:31:11-07:00,2,2
index.html,23,html,3f714ae7,shivamsharma0608,2026-04-03,16:22:14,-07:00,2026-04-03T16:22:14-07:00,0,0
index.html,24,html,0891a36c,shivamsharma0608,2026-04-03,16:34:52,-07:00,2026-04-03T16:34:52-07:00,2,95
index.html,25,html,0891a36c,shivamsharma0608,2026-04-03,16:34:52,-07:00,2026-04-03T16:34:52-07:00,2,50
index.html,26,html,3f714ae7,shivamsharma0608,2026-04-03,16:22:14,-07:00,2026-04-03T16:22:14-07:00,0,0
index.html,27,html,0891a36c,shivamsharma0608,2026-04-03,16:34:52,-07:00,2026-04-03T16:34:52-07:00,2,14
index.html,28,html,8e0d1658,shivamsharma0608,2026-04-16,15:39:56,-07:00,2026-04-16T15:39:56-07:00,2,60
index.html,29,html,ce6f65de,shivamsharma0608,2026-04-03,16:35:29,-07:00,2026-04-03T16:35:29-07:00,4,5
index.html,30,html,ce6f65de,shivamsharma0608,2026-04-03,16:35:29,-07:00,2026-04-03T16:35:29-07:00,6,5
index.html,31,html,ce6f65de,shivamsharma0608,2026-04-03,16:35:29,-07:00,2026-04-03T16:35:29-07:00,6,20
index.html,32,html,ce6f65de,shivamsharma0608,2026-04-03,16:35:29,-07:00,2026-04-03T16:35:29-07:00,4,6
index.html,33,html,ce6f65de,shivamsharma0608,2026-04-03,16:35:29,-07:00,2026-04-03T16:35:29-07:00,0,0
index.html,34,html,ce6f65de,shivamsharma0608,2026-04-03,16:35:29,-07:00,2026-04-03T16:35:29-07:00,4,5
index.html,35,html,ce6f65de,shivamsharma0608,2026-04-03,16:35:29,-07:00,2026-04-03T16:35:29-07:00,6,5
index.html,36,html,ce6f65de,shivamsharma0608,2026-04-03,16:35:29,-07:00,2026-04-03T16:35:29-07:00,6,31
index.html,37,html,ce6f65de,shivamsharma0608,2026-04-03,16:35:29,-07:00,2026-04-03T16:35:29-07:00,4,6
index.html,38,html,ce6f65de,shivamsharma0608,2026-04-03,16:35:29,-07:00,2026-04-03T16:35:29-07:00,0,0
index.html,39,html,ce6f65de,shivamsharma0608,2026-04-03,16:35:29,-07:00,2026-04-03T16:35:29-07:00,4,21
index.html,40,html,ce6f65de,shivamsharma0608,2026-04-03,16:35:29,-07:00,2026-04-03T16:35:29-07:00,2,5
index.html,41,html,84f546aa,shivamsharma0608,2026-04-23,12:59:09,-07:00,2026-04-23T12:59:09-07:00,2,22
index.html,42,html,84f546aa,shivamsharma0608,2026-04-23,12:59:09,-07:00,2026-04-23T12:59:09-07:00,0,26
index.html,43,html,84f546aa,shivamsharma0608,2026-04-23,12:59:09,-07:00,2026-04-23T12:59:09-07:00,0,0
index.html,44,html,84f546aa,shivamsharma0608,2026-04-23,12:59:09,-07:00,2026-04-23T12:59:09-07:00,0,19
index.html,45,html,84f546aa,shivamsharma0608,2026-04-23,12:59:09,-07:00,2026-04-23T12:59:09-07:00,0,28
index.html,46,html,84f546aa,shivamsharma0608,2026-04-23,12:59:09,-07:00,2026-04-23T12:59:09-07:00,0,0
index.html,47,html,84f546aa,shivamsharma0608,2026-04-23,12:59:09,-07:00,2026-04-23T12:59:09-07:00,0,50
index.html,48,html,ce6f65de,shivamsharma0608,2026-04-03,16:35:29,-07:00,2026-04-03T16:35:29-07:00,0,5
index.html,49,html,ce6f65de,shivamsharma0608,2026-04-03,16:35:29,-07:00,2026-04-03T16:35:29-07:00,0,5
global.js,1,js,062a256f,shivamsharma0608,2026-04-15,21:47:54,-07:00,2026-04-15T21:47:54-07:00,0,25
global.js,2,js,062a256f,shivamsharma0608,2026-04-15,21:47:54,-07:00,2026-04-15T21:47:54-07:00,0,0
global.js,3,js,062a256f,shivamsharma0608,2026-04-15,21:47:54,-07:00,2026-04-15T21:47:54-07:00,0,41
global.js,4,js,062a256f,shivamsharma0608,2026-04-15,21:47:54,-07:00,2026-04-15T21:47:54-07:00,1,52
global.js,5,js,8e0d1658,shivamsharma0608,2026-04-16,15:39:56,-07:00,2026-04-16T15:39:56-07:00,0,0
global.js,6,js,8e0d1658,shivamsharma0608,2026-04-16,15:39:56,-07:00,2026-04-16T15:39:56-07:00,0,0
global.js,7,js,8e0d1658,shivamsharma0608,2026-04-16,15:39:56,-07:00,2026-04-16T15:39:56-07:00,0,28
global.js,8,js,8e0d1658,shivamsharma0608,2026-04-16,15:39:56,-07:00,2026-04-16T15:39:56-07:00,0,0
global.js,9,js,8e0d1658,shivamsharma0608,2026-04-16,15:39:56,-07:00,2026-04-16T15:39:56-07:00,0,33
global.js,10,js,8e0d1658,shivamsharma0608,2026-04-16,15:39:56,-07:00,2026-04-16T15:39:56-07:00,0,72
global.js,11,js,8e0d1658,shivamsharma0608,2026-04-16,15:39:56,-07:00,2026-04-16T15:39:56-07:00,0,5
global.js,12,js,8e0d1658,shivamsharma0608,2026-04-16,15:39:56,-07:00,2026-04-16T15:39:56-07:00,0,0
global.js,13,js,8e0d1658,shivamsharma0608,2026-04-16,15:39:56,-07:00,2026-04-16T15:39:56-07:00,0,41
global.js,14,js,8e0d1658,shivamsharma0608,2026-04-16,15:39:56,-07:00,2026-04-16T15:39:56-07:00,0,0
global.js,15,js,8e0d1658,shivamsharma0608,2026-04-16,15:39:56,-07:00,2026-04-16T15:39:56-07:00,0,37
global.js,16,js,8e0d1658,shivamsharma0608,2026-04-16,15:39:56,-07:00,2026-04-16T15:39:56-07:00,0,88
global.js,17,js,8e0d1658,shivamsharma0608,2026-04-16,15:39:56,-07:00,2026-04-16T15:39:56-07:00,1,3
global.js,18,js,8e0d1658,shivamsharma0608,2026-04-16,15:39:56,-07:00,2026-04-16T15:39:56-07:00,1,14
global.js,19,js,8e0d1658,shivamsharma0608,2026-04-16,15:39:56,-07:00,2026-04-16T15:39:56-07:00,0,0
global.js,20,js,8e0d1658,shivamsharma0608,2026-04-16,15:39:56,-07:00,2026-04-16T15:39:56-07:00,0,11
global.js,21,js,8e0d1658,shivamsharma0608,2026-04-16,15:39:56,-07:00,2026-04-16T15:39:56-07:00,1,25
global.js,22,js,8e0d1658,shivamsharma0608,2026-04-16,15:39:56,-07:00,2026-04-16T15:39:56-07:00,1,38
global.js,23,js,8e0d1658,shivamsharma0608,2026-04-16,15:39:56,-07:00,2026-04-16T15:39:56-07:00,1,26
global.js,24,js,f132b532,shivamsharma0608,2026-04-16,16:50:11,-07:00,2026-04-16T16:50:11-07:00,1,36
global.js,25,js,8e0d1658,shivamsharma0608,2026-04-16,15:39:56,-07:00,2026-04-16T15:39:56-07:00,1,62
global.js,26,js,8e0d1658,shivamsharma0608,2026-04-16,15:39:56,-07:00,2026-04-16T15:39:56-07:00,0,0
global.js,27,js,8e0d1658,shivamsharma0608,2026-04-16,15:39:56,-07:00,2026-04-16T15:39:56-07:00,0,0
global.js,28,js,8e0d1658,shivamsharma0608,2026-04-16,15:39:56,-07:00,2026-04-16T15:39:56-07:00,0,38
global.js,29,js,8e0d1658,shivamsharma0608,2026-04-16,15:39:56,-07:00,2026-04-16T15:39:56-07:00,0,25
global.js,30,js,8e0d1658,shivamsharma0608,2026-04-16,15:39:56,-07:00,2026-04-16T15:39:56-07:00,0,0
global.js,31,js,8e0d1658,shivamsharma0608,2026-04-16,15:39:56,-07:00,2026-04-16T15:39:56-07:00,0,20
global.js,32,js,8e0d1658,shivamsharma0608,2026-04-16,15:39:56,-07:00,2026-04-16T15:39:56-07:00,1,14
global.js,33,js,8e0d1658,shivamsharma0608,2026-04-16,15:39:56,-07:00,2026-04-16T15:39:56-07:00,1,18
global.js,34,js,8e0d1658,shivamsharma0608,2026-04-16,15:39:56,-07:00,2026-04-16T15:39:56-07:00,0,0
global.js,35,js,8e0d1658,shivamsharma0608,2026-04-16,15:39:56,-07:00,2026-04-16T15:39:56-07:00,1,52
global.js,36,js,8e0d1658,shivamsharma0608,2026-04-16,15:39:56,-07:00,2026-04-16T15:39:56-07:00,0,0
global.js,37,js,8e0d1658,shivamsharma0608,2026-04-16,15:39:56,-07:00,2026-04-16T15:39:56-07:00,1,34
global.js,38,js,8e0d1658,shivamsharma0608,2026-04-16,15:39:56,-07:00,2026-04-16T15:39:56-07:00,1,11
global.js,39,js,8e0d1658,shivamsharma0608,2026-04-16,15:39:56,-07:00,2026-04-16T15:39:56-07:00,1,20
global.js,40,js,8e0d1658,shivamsharma0608,2026-04-16,15:39:56,-07:00,2026-04-16T15:39:56-07:00,0,0
global.js,41,js,f132b532,shivamsharma0608,2026-04-16,16:50:11,-07:00,2026-04-16T16:50:11-07:00,1,47
global.js,42,js,f132b532,shivamsharma0608,2026-04-16,16:50:11,-07:00,2026-04-16T16:50:11-07:00,1,27
global.js,43,js,f132b532,shivamsharma0608,2026-04-16,16:50:11,-07:00,2026-04-16T16:50:11-07:00,2,25
global.js,44,js,f132b532,shivamsharma0608,2026-04-16,16:50:11,-07:00,2026-04-16T16:50:11-07:00,2,34
global.js,45,js,f132b532,shivamsharma0608,2026-04-16,16:50:11,-07:00,2026-04-16T16:50:11-07:00,2,58
global.js,46,js,f132b532,shivamsharma0608,2026-04-16,16:50:11,-07:00,2026-04-16T16:50:11-07:00,1,0
global.js,47,js,8e0d1658,shivamsharma0608,2026-04-16,15:39:56,-07:00,2026-04-16T15:39:56-07:00,0,0
global.js,48,js,8e0d1658,shivamsharma0608,2026-04-16,15:39:56,-07:00,2026-04-16T15:39:56-07:00,1,29
global.js,49,js,8e0d1658,shivamsharma0608,2026-04-16,15:39:56,-07:00,2026-04-16T15:39:56-07:00,2,18
global.js,50,js,8e0d1658,shivamsharma0608,2026-04-16,15:39:56,-07:00,2026-04-16T15:39:56-07:00,1,0
global.js,51,js,8e0d1658,shivamsharma0608,2026-04-16,15:39:56,-07:00,2026-04-16T15:39:56-07:00,0,0
global.js,52,js,8e0d1658,shivamsharma0608,2026-04-16,15:39:56,-07:00,2026-04-16T15:39:56-07:00,1,12
global.js,53,js,e784daa3,shivamsharma0608,2026-04-16,17:19:04,-07:00,2026-04-16T17:19:04-07:00,0,0
global.js,54,js,e784daa3,shivamsharma0608,2026-04-16,17:19:04,-07:00,2026-04-16T17:19:04-07:00,0,0
global.js,55,js,e784daa3,shivamsharma0608,2026-04-16,17:19:04,-07:00,2026-04-16T17:19:04-07:00,0,31
global.js,56,js,e784daa3,shivamsharma0608,2026-04-16,17:19:04,-07:00,2026-04-16T17:19:04-07:00,2,11
global.js,57,js,e784daa3,shivamsharma0608,2026-04-16,17:19:04,-07:00,2026-04-16T17:19:04-07:00,2,27
global.js,58,js,e784daa3,shivamsharma0608,2026-04-16,17:19:04,-07:00,2026-04-16T17:19:04-07:00,3,4
global.js,59,js,e784daa3,shivamsharma0608,2026-04-16,17:19:04,-07:00,2026-04-16T17:19:04-07:00,3,6
global.js,60,js,e784daa3,shivamsharma0608,2026-04-16,17:19:04,-07:00,2026-04-16T17:19:04-07:00,4,43
global.js,61,js,e784daa3,shivamsharma0608,2026-04-16,17:19:04,-07:00,2026-04-16T17:19:04-07:00,4,34
global.js,62,js,e784daa3,shivamsharma0608,2026-04-16,17:19:04,-07:00,2026-04-16T17:19:04-07:00,4,32
global.js,63,js,e784daa3,shivamsharma0608,2026-04-16,17:19:04,-07:00,2026-04-16T17:19:04-07:00,3,7
global.js,64,js,e784daa3,shivamsharma0608,2026-04-16,17:19:04,-07:00,2026-04-16T17:19:04-07:00,2,7
global.js,65,js,e784daa3,shivamsharma0608,2026-04-16,17:19:04,-07:00,2026-04-16T17:19:04-07:00,1,0
global.js,66,js,e784daa3,shivamsharma0608,2026-04-16,17:19:04,-07:00,2026-04-16T17:19:04-07:00,1,0
global.js,67,js,e784daa3,shivamsharma0608,2026-04-16,17:19:04,-07:00,2026-04-16T17:19:04-07:00,1,60
global.js,68,js,e784daa3,shivamsharma0608,2026-04-16,17:19:04,-07:00,2026-04-16T17:19:04-07:00,1,0
global.js,69,js,e784daa3,shivamsharma0608,2026-04-16,17:19:04,-07:00,2026-04-16T17:19:04-07:00,1,36
global.js,70,js,e784daa3,shivamsharma0608,2026-04-16,17:19:04,-07:00,2026-04-16T17:19:04-07:00,2,70
global.js,71,js,e784daa3,shivamsharma0608,2026-04-16,17:19:04,-07:00,2026-04-16T17:19:04-07:00,2,25
global.js,72,js,e784daa3,shivamsharma0608,2026-04-16,17:19:04,-07:00,2026-04-16T17:19:04-07:00,1,0
global.js,73,js,e784daa3,shivamsharma0608,2026-04-16,17:19:04,-07:00,2026-04-16T17:19:04-07:00,1,0
global.js,74,js,e784daa3,shivamsharma0608,2026-04-16,17:19:04,-07:00,2026-04-16T17:19:04-07:00,1,34
global.js,75,js,e784daa3,shivamsharma0608,2026-04-16,17:19:04,-07:00,2026-04-16T17:19:04-07:00,2,39
global.js,76,js,e784daa3,shivamsharma0608,2026-04-16,17:19:04,-07:00,2026-04-16T17:19:04-07:00,1,0
global.js,77,js,e784daa3,shivamsharma0608,2026-04-16,17:19:04,-07:00,2026-04-16T17:19:04-07:00,1,0
global.js,78,js,e784daa3,shivamsharma0608,2026-04-16,17:19:04,-07:00,2026-04-16T17:19:04-07:00,1,49
global.js,79,js,e784daa3,shivamsharma0608,2026-04-16,17:19:04,-07:00,2026-04-16T17:19:04-07:00,2,44
global.js,80,js,e784daa3,shivamsharma0608,2026-04-16,17:19:04,-07:00,2026-04-16T17:19:04-07:00,2,33
global.js,81,js,e784daa3,shivamsharma0608,2026-04-16,17:19:04,-07:00,2026-04-16T17:19:04-07:00,1,1
global.js,82,js,e784daa3,shivamsharma0608,2026-04-16,17:19:04,-07:00,2026-04-16T17:19:04-07:00,1,0
global.js,83,js,e784daa3,shivamsharma0608,2026-04-16,17:19:04,-07:00,2026-04-16T17:19:04-07:00,1,28
global.js,84,js,e784daa3,shivamsharma0608,2026-04-16,17:19:04,-07:00,2026-04-16T17:19:04-07:00,1,42
global.js,85,js,e784daa3,shivamsharma0608,2026-04-16,17:19:04,-07:00,2026-04-16T17:19:04-07:00,1,0
global.js,86,js,e784daa3,shivamsharma0608,2026-04-16,17:19:04,-07:00,2026-04-16T17:19:04-07:00,1,49
global.js,87,js,e784daa3,shivamsharma0608,2026-04-16,17:19:04,-07:00,2026-04-16T17:19:04-07:00,2,21
global.js,88,js,e784daa3,shivamsharma0608,2026-04-16,17:19:04,-07:00,2026-04-16T17:19:04-07:00,1,0
global.js,89,js,e784daa3,shivamsharma0608,2026-04-16,17:19:04,-07:00,2026-04-16T17:19:04-07:00,2,30
global.js,90,js,e784daa3,shivamsharma0608,2026-04-16,17:19:04,-07:00,2026-04-16T17:19:04-07:00,2,26
global.js,91,js,e784daa3,shivamsharma0608,2026-04-16,17:19:04,-07:00,2026-04-16T17:19:04-07:00,2,0
global.js,92,js,e784daa3,shivamsharma0608,2026-04-16,17:19:04,-07:00,2026-04-16T17:19:04-07:00,2,31
global.js,93,js,e784daa3,shivamsharma0608,2026-04-16,17:19:04,-07:00,2026-04-16T17:19:04-07:00,3,45
global.js,94,js,e784daa3,shivamsharma0608,2026-04-16,17:19:04,-07:00,2026-04-16T17:19:04-07:00,2,0
global.js,95,js,e784daa3,shivamsharma0608,2026-04-16,17:19:04,-07:00,2026-04-16T17:19:04-07:00,1,0
global.js,96,js,e784daa3,shivamsharma0608,2026-04-16,17:19:04,-07:00,2026-04-16T17:19:04-07:00,2,21
global.js,97,js,e784daa3,shivamsharma0608,2026-04-16,17:19:04,-07:00,2026-04-16T17:19:04-07:00,2,18
global.js,98,js,5d2a34d9,shivamsharma0608,2026-04-23,12:51:15,-07:00,2026-04-23T12:51:15-07:00,1,1
global.js,99,js,5d2a34d9,shivamsharma0608,2026-04-23,12:51:15,-07:00,2026-04-23T12:51:15-07:00,0,0
global.js,100,js,5d2a34d9,shivamsharma0608,2026-04-23,12:51:15,-07:00,2026-04-23T12:51:15-07:00,1,36
global.js,101,js,5d2a34d9,shivamsharma0608,2026-04-23,12:51:15,-07:00,2026-04-23T12:51:15-07:00,2,3
global.js,102,js,5d2a34d9,shivamsharma0608,2026-04-23,12:51:15,-07:00,2026-04-23T12:51:15-07:00,3,32
global.js,103,js,5d2a34d9,shivamsharma0608,2026-04-23,12:51:15,-07:00,2026-04-23T12:51:15-07:00,3,17
global.js,104,js,84f546aa,shivamsharma0608,2026-04-23,12:59:09,-07:00,2026-04-23T12:59:09-07:00,4,66
global.js,105,js,84f546aa,shivamsharma0608,2026-04-23,12:59:09,-07:00,2026-04-23T12:59:09-07:00,3,0
global.js,106,js,84f546aa,shivamsharma0608,2026-04-23,12:59:09,-07:00,2026-04-23T12:59:09-07:00,3,33
global.js,107,js,84f546aa,shivamsharma0608,2026-04-23,12:59:09,-07:00,2026-04-23T12:59:09-07:00,3,10
global.js,108,js,5d2a34d9,shivamsharma0608,2026-04-23,12:51:15,-07:00,2026-04-23T12:51:15-07:00,2,15
global.js,109,js,5d2a34d9,shivamsharma0608,2026-04-23,12:51:15,-07:00,2026-04-23T12:51:15-07:00,3,59
global.js,110,js,5d2a34d9,shivamsharma0608,2026-04-23,12:51:15,-07:00,2026-04-23T12:51:15-07:00,2,0
global.js,111,js,5d2a34d9,shivamsharma0608,2026-04-23,12:51:15,-07:00,2026-04-23T12:51:15-07:00,1,0
global.js,112,js,84f546aa,shivamsharma0608,2026-04-23,12:59:09,-07:00,2026-04-23T12:59:09-07:00,1,0
global.js,113,js,84f546aa,shivamsharma0608,2026-04-23,12:59:09,-07:00,2026-04-23T12:59:09-07:00,1,79
global.js,114,js,5d2a34d9,shivamsharma0608,2026-04-23,12:51:15,-07:00,2026-04-23T12:51:15-07:00,2,30
global.js,115,js,84f546aa,shivamsharma0608,2026-04-23,12:59:09,-07:00,2026-04-23T12:59:09-07:00,2,29
global.js,116,js,84f546aa,shivamsharma0608,2026-04-23,12:59:09,-07:00,2026-04-23T12:59:09-07:00,3,48
global.js,117,js,84f546aa,shivamsharma0608,2026-04-23,12:59:09,-07:00,2026-04-23T12:59:09-07:00,3,19
global.js,118,js,84f546aa,shivamsharma0608,2026-04-23,12:59:09,-07:00,2026-04-23T12:59:09-07:00,4,49
global.js,119,js,84f546aa,shivamsharma0608,2026-04-23,12:59:09,-07:00,2026-04-23T12:59:09-07:00,4,49
global.js,120,js,b619e486,shivamsharma0608,2026-04-30,13:41:10,-07:00,2026-04-30T13:41:10-07:00,4,24
global.js,121,js,b619e486,shivamsharma0608,2026-04-30,13:41:10,-07:00,2026-04-30T13:41:10-07:00,5,27
global.js,122,js,b619e486,shivamsharma0608,2026-04-30,13:41:10,-07:00,2026-04-30T13:41:10-07:00,5,41
global.js,123,js,b619e486,shivamsharma0608,2026-04-30,13:41:10,-07:00,2026-04-30T13:41:10-07:00,4,4
global.js,124,js,84f546aa,shivamsharma0608,2026-04-23,12:59:09,-07:00,2026-04-23T12:59:09-07:00,3,0
global.js,125,js,84f546aa,shivamsharma0608,2026-04-23,12:59:09,-07:00,2026-04-23T12:59:09-07:00,3,36
global.js,126,js,84f546aa,shivamsharma0608,2026-04-23,12:59:09,-07:00,2026-04-23T12:59:09-07:00,2,0
global.js,127,js,84f546aa,shivamsharma0608,2026-04-23,12:59:09,-07:00,2026-04-23T12:59:09-07:00,1,0
global.js,128,js,5d2a34d9,shivamsharma0608,2026-04-23,12:51:15,-07:00,2026-04-23T12:51:15-07:00,0,0
global.js,129,js,84f546aa,shivamsharma0608,2026-04-23,12:59:09,-07:00,2026-04-23T12:59:09-07:00,1,47
global.js,130,js,e50e3ea4,shivamsharma0608,2026-04-23,13:09:49,-07:00,2026-04-23T13:09:49-07:00,2,69
global.js,131,js,5d2a34d9,shivamsharma0608,2026-04-23,12:51:15,-07:00,2026-04-23T12:51:15-07:00,1,0
global.js,132,js,5d2a34d9,shivamsharma0608,2026-04-23,12:51:15,-07:00,2026-04-23T12:51:15-07:00,1,0
projects/projects.js,1,js,5d2a34d9,shivamsharma0608,2026-04-23,12:51:15,-07:00,2026-04-23T12:51:15-07:00,0,55
projects/projects.js,2,js,ad35bfb0,shivamsharma0608,2026-04-30,14:05:26,-07:00,2026-04-30T14:05:26-07:00,0,63
projects/projects.js,3,js,5d2a34d9,shivamsharma0608,2026-04-23,12:51:15,-07:00,2026-04-23T12:51:15-07:00,0,0
projects/projects.js,4,js,bac9703a,shivamsharma0608,2026-04-24,12:30:21,-07:00,2026-04-24T12:30:21-07:00,0,88
projects/projects.js,5,js,bac9703a,shivamsharma0608,2026-04-24,12:30:21,-07:00,2026-04-24T12:30:21-07:00,1,3
projects/projects.js,6,js,bac9703a,shivamsharma0608,2026-04-24,12:30:21,-07:00,2026-04-24T12:30:21-07:00,1,14
projects/projects.js,7,js,bac9703a,shivamsharma0608,2026-04-24,12:30:21,-07:00,2026-04-24T12:30:21-07:00,0,0
projects/projects.js,8,js,ad35bfb0,shivamsharma0608,2026-04-30,14:05:26,-07:00,2026-04-30T14:05:26-07:00,0,64
projects/projects.js,9,js,ad35bfb0,shivamsharma0608,2026-04-30,14:05:26,-07:00,2026-04-30T14:05:26-07:00,0,60
projects/projects.js,10,js,84f546aa,shivamsharma0608,2026-04-23,12:59:09,-07:00,2026-04-23T12:59:09-07:00,0,0
projects/projects.js,11,js,84f546aa,shivamsharma0608,2026-04-23,12:59:09,-07:00,2026-04-23T12:59:09-07:00,0,54
projects/projects.js,12,js,ad35bfb0,shivamsharma0608,2026-04-30,14:05:26,-07:00,2026-04-30T14:05:26-07:00,0,50
projects/projects.js,13,js,ad35bfb0,shivamsharma0608,2026-04-30,14:05:26,-07:00,2026-04-30T14:05:26-07:00,0,0
projects/projects.js,14,js,ad35bfb0,shivamsharma0608,2026-04-30,14:05:26,-07:00,2026-04-30T14:05:26-07:00,0,57
projects/projects.js,15,js,5b5b4fa5,shivamsharma0608,2026-04-30,14:59:43,-07:00,2026-04-30T14:59:43-07:00,0,47
projects/projects.js,16,js,5ce94843,shivamsharma0608,2026-04-30,15:11:12,-07:00,2026-04-30T15:11:12-07:00,0,21
projects/projects.js,17,js,8eec8e94,shivamsharma0608,2026-04-30,15:23:42,-07:00,2026-04-30T15:23:42-07:00,0,52
projects/projects.js,18,js,8eec8e94,shivamsharma0608,2026-04-30,15:23:42,-07:00,2026-04-30T15:23:42-07:00,0,0
projects/projects.js,19,js,8eec8e94,shivamsharma0608,2026-04-30,15:23:42,-07:00,2026-04-30T15:23:42-07:00,0,28
projects/projects.js,20,js,8eec8e94,shivamsharma0608,2026-04-30,15:23:42,-07:00,2026-04-30T15:23:42-07:00,0,30
projects/projects.js,21,js,8eec8e94,shivamsharma0608,2026-04-30,15:23:42,-07:00,2026-04-30T15:23:42-07:00,1,35
projects/projects.js,22,js,8eec8e94,shivamsharma0608,2026-04-30,15:23:42,-07:00,2026-04-30T15:23:42-07:00,2,40
projects/projects.js,23,js,8eec8e94,shivamsharma0608,2026-04-30,15:23:42,-07:00,2026-04-30T15:23:42-07:00,3,9
projects/projects.js,24,js,8eec8e94,shivamsharma0608,2026-04-30,15:23:42,-07:00,2026-04-30T15:23:42-07:00,3,12
projects/projects.js,25,js,8eec8e94,shivamsharma0608,2026-04-30,15:23:42,-07:00,2026-04-30T15:23:42-07:00,3,36
projects/projects.js,26,js,8eec8e94,shivamsharma0608,2026-04-30,15:23:42,-07:00,2026-04-30T15:23:42-07:00,0,0
projects/projects.js,27,js,8eec8e94,shivamsharma0608,2026-04-30,15:23:42,-07:00,2026-04-30T15:23:42-07:00,2,19
projects/projects.js,28,js,8eec8e94,shivamsharma0608,2026-04-30,15:23:42,-07:00,2026-04-30T15:23:42-07:00,1,1
projects/projects.js,29,js,8eec8e94,shivamsharma0608,2026-04-30,15:23:42,-07:00,2026-04-30T15:23:42-07:00,0,0
projects/projects.js,30,js,ad35bfb0,shivamsharma0608,2026-04-30,14:05:26,-07:00,2026-04-30T14:05:26-07:00,0,0
projects/projects.js,31,js,5b5b4fa5,shivamsharma0608,2026-04-30,14:59:43,-07:00,2026-04-30T14:59:43-07:00,0,38
projects/projects.js,32,js,5b5b4fa5,shivamsharma0608,2026-04-30,14:59:43,-07:00,2026-04-30T14:59:43-07:00,1,40
projects/projects.js,33,js,5b5b4fa5,shivamsharma0608,2026-04-30,14:59:43,-07:00,2026-04-30T14:59:43-07:00,1,29
projects/projects.js,34,js,5b5b4fa5,shivamsharma0608,2026-04-30,14:59:43,-07:00,2026-04-30T14:59:43-07:00,1,44
projects/projects.js,35,js,e5257832,shivamsharma0608,2026-04-30,14:38:46,-07:00,2026-04-30T14:38:46-07:00,0,0
projects/projects.js,36,js,5b5b4fa5,shivamsharma0608,2026-04-30,14:59:43,-07:00,2026-04-30T14:59:43-07:00,1,29
projects/projects.js,37,js,5b5b4fa5,shivamsharma0608,2026-04-30,14:59:43,-07:00,2026-04-30T14:59:43-07:00,2,12
projects/projects.js,38,js,5b5b4fa5,shivamsharma0608,2026-04-30,14:59:43,-07:00,2026-04-30T14:59:43-07:00,2,14
projects/projects.js,39,js,5b5b4fa5,shivamsharma0608,2026-04-30,14:59:43,-07:00,2026-04-30T14:59:43-07:00,2,11
projects/projects.js,40,js,5b5b4fa5,shivamsharma0608,2026-04-30,14:59:43,-07:00,2026-04-30T14:59:43-07:00,1,0
projects/projects.js,41,js,54ae515a,shivamsharma0608,2026-04-30,14:12:04,-07:00,2026-04-30T14:12:04-07:00,0,0
projects/projects.js,42,js,5b5b4fa5,shivamsharma0608,2026-04-30,14:59:43,-07:00,2026-04-30T14:59:43-07:00,1,50
projects/projects.js,43,js,5b5b4fa5,shivamsharma0608,2026-04-30,14:59:43,-07:00,2026-04-30T14:59:43-07:00,2,35
projects/projects.js,44,js,5b5b4fa5,shivamsharma0608,2026-04-30,14:59:43,-07:00,2026-04-30T14:59:43-07:00,1,1
projects/projects.js,45,js,5b5b4fa5,shivamsharma0608,2026-04-30,14:59:43,-07:00,2026-04-30T14:59:43-07:00,0,0
projects/projects.js,46,js,5b5b4fa5,shivamsharma0608,2026-04-30,14:59:43,-07:00,2026-04-30T14:59:43-07:00,1,53
projects/projects.js,47,js,5b5b4fa5,shivamsharma0608,2026-04-30,14:59:43,-07:00,2026-04-30T14:59:43-07:00,1,42
projects/projects.js,48,js,5b5b4fa5,shivamsharma0608,2026-04-30,14:59:43,-07:00,2026-04-30T14:59:43-07:00,1,51
projects/projects.js,49,js,5b5b4fa5,shivamsharma0608,2026-04-30,14:59:43,-07:00,2026-04-30T14:59:43-07:00,0,0
projects/projects.js,50,js,5ce94843,shivamsharma0608,2026-04-30,15:11:12,-07:00,2026-04-30T15:11:12-07:00,1,27
projects/projects.js,51,js,5ce94843,shivamsharma0608,2026-04-30,15:11:12,-07:00,2026-04-30T15:11:12-07:00,2,1
projects/projects.js,52,js,5ce94843,shivamsharma0608,2026-04-30,15:11:12,-07:00,2026-04-30T15:11:12-07:00,3,13
projects/projects.js,53,js,5b5b4fa5,shivamsharma0608,2026-04-30,14:59:43,-07:00,2026-04-30T14:59:43-07:00,3,13
projects/projects.js,54,js,5ce94843,shivamsharma0608,2026-04-30,15:11:12,-07:00,2026-04-30T15:11:12-07:00,3,22
projects/projects.js,55,js,5ce94843,shivamsharma0608,2026-04-30,15:11:12,-07:00,2026-04-30T15:11:12-07:00,3,18
projects/projects.js,56,js,5ce94843,shivamsharma0608,2026-04-30,15:11:12,-07:00,2026-04-30T15:11:12-07:00,4,43
projects/projects.js,57,js,5ce94843,shivamsharma0608,2026-04-30,15:11:12,-07:00,2026-04-30T15:11:12-07:00,0,0
projects/projects.js,58,js,5ce94843,shivamsharma0608,2026-04-30,15:11:12,-07:00,2026-04-30T15:11:12-07:00,4,21
projects/projects.js,59,js,5ce94843,shivamsharma0608,2026-04-30,15:11:12,-07:00,2026-04-30T15:11:12-07:00,4,1
projects/projects.js,60,js,5ce94843,shivamsharma0608,2026-04-30,15:11:12,-07:00,2026-04-30T15:11:12-07:00,5,16
projects/projects.js,61,js,5ce94843,shivamsharma0608,2026-04-30,15:11:12,-07:00,2026-04-30T15:11:12-07:00,5,66
projects/projects.js,62,js,5ce94843,shivamsharma0608,2026-04-30,15:11:12,-07:00,2026-04-30T15:11:12-07:00,0,0
projects/projects.js,63,js,5ce94843,shivamsharma0608,2026-04-30,15:11:12,-07:00,2026-04-30T15:11:12-07:00,4,22
projects/projects.js,64,js,5ce94843,shivamsharma0608,2026-04-30,15:11:12,-07:00,2026-04-30T15:11:12-07:00,4,18
projects/projects.js,65,js,5ce94843,shivamsharma0608,2026-04-30,15:11:12,-07:00,2026-04-30T15:11:12-07:00,5,14
projects/projects.js,66,js,5ce94843,shivamsharma0608,2026-04-30,15:11:12,-07:00,2026-04-30T15:11:12-07:00,5,24
projects/projects.js,67,js,5ce94843,shivamsharma0608,2026-04-30,15:11:12,-07:00,2026-04-30T15:11:12-07:00,6,60
projects/projects.js,68,js,5ce94843,shivamsharma0608,2026-04-30,15:11:12,-07:00,2026-04-30T15:11:12-07:00,5,0
projects/projects.js,69,js,5ce94843,shivamsharma0608,2026-04-30,15:11:12,-07:00,2026-04-30T15:11:12-07:00,0,0
projects/projects.js,70,js,8eec8e94,shivamsharma0608,2026-04-30,15:23:42,-07:00,2026-04-30T15:23:42-07:00,4,19
projects/projects.js,71,js,8eec8e94,shivamsharma0608,2026-04-30,15:23:42,-07:00,2026-04-30T15:23:42-07:00,4,41
projects/projects.js,72,js,5ce94843,shivamsharma0608,2026-04-30,15:11:12,-07:00,2026-04-30T15:11:12-07:00,4,25
projects/projects.js,73,js,8eec8e94,shivamsharma0608,2026-04-30,15:23:42,-07:00,2026-04-30T15:23:42-07:00,5,54
projects/projects.js,74,js,5ce94843,shivamsharma0608,2026-04-30,15:11:12,-07:00,2026-04-30T15:11:12-07:00,4,6
projects/projects.js,75,js,8eec8e94,shivamsharma0608,2026-04-30,15:23:42,-07:00,2026-04-30T15:23:42-07:00,5,39
projects/projects.js,76,js,5ce94843,shivamsharma0608,2026-04-30,15:11:12,-07:00,2026-04-30T15:11:12-07:00,6,44
projects/projects.js,77,js,5ce94843,shivamsharma0608,2026-04-30,15:11:12,-07:00,2026-04-30T15:11:12-07:00,5,0
projects/projects.js,78,js,8eec8e94,shivamsharma0608,2026-04-30,15:23:42,-07:00,2026-04-30T15:23:42-07:00,5,52
projects/projects.js,79,js,5ce94843,shivamsharma0608,2026-04-30,15:11:12,-07:00,2026-04-30T15:11:12-07:00,4,0
projects/projects.js,80,js,5ce94843,shivamsharma0608,2026-04-30,15:11:12,-07:00,2026-04-30T15:11:12-07:00,3,1
projects/projects.js,81,js,5b5b4fa5,shivamsharma0608,2026-04-30,14:59:43,-07:00,2026-04-30T14:59:43-07:00,1,1
projects/projects.js,82,js,5b5b4fa5,shivamsharma0608,2026-04-30,14:59:43,-07:00,2026-04-30T14:59:43-07:00,0,0
projects/projects.js,83,js,5b5b4fa5,shivamsharma0608,2026-04-30,14:59:43,-07:00,2026-04-30T14:59:43-07:00,1,12
projects/projects.js,84,js,5b5b4fa5,shivamsharma0608,2026-04-30,14:59:43,-07:00,2026-04-30T14:59:43-07:00,1,32
projects/projects.js,85,js,5ce94843,shivamsharma0608,2026-04-30,15:11:12,-07:00,2026-04-30T15:11:12-07:00,1,25
projects/projects.js,86,js,5b5b4fa5,shivamsharma0608,2026-04-30,14:59:43,-07:00,2026-04-30T14:59:43-07:00,2,4
projects/projects.js,87,js,5b5b4fa5,shivamsharma0608,2026-04-30,14:59:43,-07:00,2026-04-30T14:59:43-07:00,3,11
projects/projects.js,88,js,5ce94843,shivamsharma0608,2026-04-30,15:11:12,-07:00,2026-04-30T15:11:12-07:00,3,36
projects/projects.js,89,js,5b5b4fa5,shivamsharma0608,2026-04-30,14:59:43,-07:00,2026-04-30T14:59:43-07:00,3,27
projects/projects.js,90,js,5b5b4fa5,shivamsharma0608,2026-04-30,14:59:43,-07:00,2026-04-30T14:59:43-07:00,3,69
projects/projects.js,91,js,5b5b4fa5,shivamsharma0608,2026-04-30,14:59:43,-07:00,2026-04-30T14:59:43-07:00,1,1
projects/projects.js,92,js,5b5b4fa5,shivamsharma0608,2026-04-30,14:59:43,-07:00,2026-04-30T14:59:43-07:00,0,0
projects/projects.js,93,js,5b5b4fa5,shivamsharma0608,2026-04-30,14:59:43,-07:00,2026-04-30T14:59:43-07:00,0,0
projects/projects.js,94,js,5b5b4fa5,shivamsharma0608,2026-04-30,14:59:43,-07:00,2026-04-30T14:59:43-07:00,0,15
projects/projects.js,95,js,5b5b4fa5,shivamsharma0608,2026-04-30,14:59:43,-07:00,2026-04-30T14:59:43-07:00,0,48
projects/projects.js,96,js,5b5b4fa5,shivamsharma0608,2026-04-30,14:59:43,-07:00,2026-04-30T14:59:43-07:00,0,23
projects/projects.js,97,js,5b5b4fa5,shivamsharma0608,2026-04-30,14:59:43,-07:00,2026-04-30T14:59:43-07:00,0,0
projects/projects.js,98,js,5b5b4fa5,shivamsharma0608,2026-04-30,14:59:43,-07:00,2026-04-30T14:59:43-07:00,0,7
projects/projects.js,99,js,5b5b4fa5,shivamsharma0608,2026-04-30,14:59:43,-07:00,2026-04-30T14:59:43-07:00,0,53
projects/projects.js,100,js,5b5b4fa5,shivamsharma0608,2026-04-30,14:59:43,-07:00,2026-04-30T14:59:43-07:00,0,48
projects/projects.js,101,js,8eec8e94,shivamsharma0608,2026-04-30,15:23:42,-07:00,2026-04-30T15:23:42-07:00,1,56
projects/projects.js,102,js,8eec8e94,shivamsharma0608,2026-04-30,15:23:42,-07:00,2026-04-30T15:23:42-07:00,0,0
projects/projects.js,103,js,8eec8e94,shivamsharma0608,2026-04-30,15:23:42,-07:00,2026-04-30T15:23:42-07:00,1,41
projects/projects.js,104,js,8eec8e94,shivamsharma0608,2026-04-30,15:23:42,-07:00,2026-04-30T15:23:42-07:00,0,0
projects/projects.js,105,js,8eec8e94,shivamsharma0608,2026-04-30,15:23:42,-07:00,2026-04-30T15:23:42-07:00,1,59
projects/projects.js,106,js,8eec8e94,shivamsharma0608,2026-04-30,15:23:42,-07:00,2026-04-30T15:23:42-07:00,1,29
projects/projects.js,107,js,8eec8e94,shivamsharma0608,2026-04-30,15:23:42,-07:00,2026-04-30T15:23:42-07:00,0,0
projects/projects.js,108,js,8eec8e94,shivamsharma0608,2026-04-30,15:23:42,-07:00,2026-04-30T15:23:42-07:00,1,65
projects/projects.js,109,js,8eec8e94,shivamsharma0608,2026-04-30,15:23:42,-07:00,2026-04-30T15:23:42-07:00,1,25
projects/projects.js,110,js,8eec8e94,shivamsharma0608,2026-04-30,15:23:42,-07:00,2026-04-30T15:23:42-07:00,2,54
projects/projects.js,111,js,8eec8e94,shivamsharma0608,2026-04-30,15:23:42,-07:00,2026-04-30T15:23:42-07:00,1,6
projects/projects.js,112,js,8eec8e94,shivamsharma0608,2026-04-30,15:23:42,-07:00,2026-04-30T15:23:42-07:00,2,61
projects/projects.js,113,js,8eec8e94,shivamsharma0608,2026-04-30,15:23:42,-07:00,2026-04-30T15:23:42-07:00,2,19
projects/projects.js,114,js,8eec8e94,shivamsharma0608,2026-04-30,15:23:42,-07:00,2026-04-30T15:23:42-07:00,2,17
projects/projects.js,115,js,8eec8e94,shivamsharma0608,2026-04-30,15:23:42,-07:00,2026-04-30T15:23:42-07:00,2,54
projects/projects.js,116,js,8eec8e94,shivamsharma0608,2026-04-30,15:23:42,-07:00,2026-04-30T15:23:42-07:00,1,0
projects/projects.js,117,js,ad35bfb0,shivamsharma0608,2026-04-30,14:05:26,-07:00,2026-04-30T14:05:26-07:00,0,1
projects/index.html,1,html,3f714ae7,shivamsharma0608,2026-04-03,16:22:14,-07:00,2026-04-03T16:22:14-07:00,0,13
projects/index.html,2,html,3f714ae7,shivamsharma0608,2026-04-03,16:22:14,-07:00,2026-04-03T16:22:14-07:00,0,14
projects/index.html,3,html,3f714ae7,shivamsharma0608,2026-04-03,16:22:14,-07:00,2026-04-03T16:22:14-07:00,0,4
projects/index.html,4,html,3f714ae7,shivamsharma0608,2026-04-03,16:22:14,-07:00,2026-04-03T16:22:14-07:00,2,20
projects/index.html,5,html,3f714ae7,shivamsharma0608,2026-04-03,16:22:14,-07:00,2026-04-03T16:22:14-07:00,2,68
projects/index.html,6,html,3f714ae7,shivamsharma0608,2026-04-03,16:22:14,-07:00,2026-04-03T16:22:14-07:00,2,21
projects/index.html,7,html,bcc90724,shivamsharma0608,2026-04-09,16:36:07,-07:00,2026-04-09T16:36:07-07:00,2,41
projects/index.html,8,html,84f546aa,shivamsharma0608,2026-04-23,12:59:09,-07:00,2026-04-23T12:59:09-07:00,2,48
projects/index.html,9,html,84f546aa,shivamsharma0608,2026-04-23,12:59:09,-07:00,2026-04-23T12:59:09-07:00,2,47
projects/index.html,10,html,3f714ae7,shivamsharma0608,2026-04-03,16:22:14,-07:00,2026-04-03T16:22:14-07:00,0,5
projects/index.html,11,html,3f714ae7,shivamsharma0608,2026-04-03,16:22:14,-07:00,2026-04-03T16:22:14-07:00,0,4
projects/index.html,12,html,adcb52fb,shivamsharma0608,2026-04-30,14:34:54,-07:00,2026-04-30T14:34:54-07:00,2,38
projects/index.html,13,html,adcb52fb,shivamsharma0608,2026-04-30,14:34:54,-07:00,2026-04-30T14:34:54-07:00,0,0
projects/index.html,14,html,a6d23e18,shivamsharma0608,2026-04-30,15:05:31,-07:00,2026-04-30T15:05:31-07:00,0,27
projects/index.html,15,html,a6d23e18,shivamsharma0608,2026-04-30,15:05:31,-07:00,2026-04-30T15:05:31-07:00,2,58
projects/index.html,16,html,a6d23e18,shivamsharma0608,2026-04-30,15:05:31,-07:00,2026-04-30T15:05:31-07:00,2,22
projects/index.html,17,html,a6d23e18,shivamsharma0608,2026-04-30,15:05:31,-07:00,2026-04-30T15:05:31-07:00,0,4
projects/index.html,18,html,a6d23e18,shivamsharma0608,2026-04-30,15:05:31,-07:00,2026-04-30T15:05:31-07:00,0,0
projects/index.html,19,html,a6d23e18,shivamsharma0608,2026-04-30,15:05:31,-07:00,2026-04-30T15:05:31-07:00,0,4
projects/index.html,20,html,a6d23e18,shivamsharma0608,2026-04-30,15:05:31,-07:00,2026-04-30T15:05:31-07:00,1,15
projects/index.html,21,html,a6d23e18,shivamsharma0608,2026-04-30,15:05:31,-07:00,2026-04-30T15:05:31-07:00,1,11
projects/index.html,22,html,a6d23e18,shivamsharma0608,2026-04-30,15:05:31,-07:00,2026-04-30T15:05:31-07:00,1,26
projects/index.html,23,html,a6d23e18,shivamsharma0608,2026-04-30,15:05:31,-07:00,2026-04-30T15:05:31-07:00,1,31
projects/index.html,24,html,a6d23e18,shivamsharma0608,2026-04-30,15:05:31,-07:00,2026-04-30T15:05:31-07:00,0,0
projects/index.html,25,html,a6d23e18,shivamsharma0608,2026-04-30,15:05:31,-07:00,2026-04-30T15:05:31-07:00,0,0
projects/index.html,26,html,a6d23e18,shivamsharma0608,2026-04-30,15:05:31,-07:00,2026-04-30T15:05:31-07:00,0,26
projects/index.html,27,html,bcc90724,shivamsharma0608,2026-04-09,16:36:07,-07:00,2026-04-09T16:36:07-07:00,0,0
projects/index.html,28,html,3f714ae7,shivamsharma0608,2026-04-03,16:22:14,-07:00,2026-04-03T16:22:14-07:00,0,5
projects/index.html,29,html,3f714ae7,shivamsharma0608,2026-04-03,16:22:14,-07:00,2026-04-03T16:22:14-07:00,0,5
cv/index.html,1,html,3f714ae7,shivamsharma0608,2026-04-03,16:22:14,-07:00,2026-04-03T16:22:14-07:00,0,13
cv/index.html,2,html,3f714ae7,shivamsharma0608,2026-04-03,16:22:14,-07:00,2026-04-03T16:22:14-07:00,0,14
cv/index.html,3,html,3f714ae7,shivamsharma0608,2026-04-03,16:22:14,-07:00,2026-04-03T16:22:14-07:00,1,4
cv/index.html,4,html,3f714ae7,shivamsharma0608,2026-04-03,16:22:14,-07:00,2026-04-03T16:22:14-07:00,2,20
cv/index.html,5,html,bcc90724,shivamsharma0608,2026-04-09,16:36:07,-07:00,2026-04-09T16:36:07-07:00,2,68
cv/index.html,6,html,3f714ae7,shivamsharma0608,2026-04-03,16:22:14,-07:00,2026-04-03T16:22:14-07:00,2,31
cv/index.html,7,html,3f714ae7,shivamsharma0608,2026-04-03,16:22:14,-07:00,2026-04-03T16:22:14-07:00,2,41
cv/index.html,8,html,f132b532,shivamsharma0608,2026-04-16,16:50:11,-07:00,2026-04-16T16:50:11-07:00,2,48
cv/index.html,9,html,3f714ae7,shivamsharma0608,2026-04-03,16:22:14,-07:00,2026-04-03T16:22:14-07:00,1,5
cv/index.html,10,html,3f714ae7,shivamsharma0608,2026-04-03,16:22:14,-07:00,2026-04-03T16:22:14-07:00,1,4
cv/index.html,11,html,8e0d1658,shivamsharma0608,2026-04-16,15:39:56,-07:00,2026-04-16T15:39:56-07:00,1,0
cv/index.html,12,html,3f714ae7,shivamsharma0608,2026-04-03,16:22:14,-07:00,2026-04-03T16:22:14-07:00,2,20
cv/index.html,13,html,bcc90724,shivamsharma0608,2026-04-09,16:36:07,-07:00,2026-04-09T16:36:07-07:00,2,60
cv/index.html,14,html,bcc90724,shivamsharma0608,2026-04-09,16:36:07,-07:00,2026-04-09T16:36:07-07:00,2,20
cv/index.html,15,html,bcc90724,shivamsharma0608,2026-04-09,16:36:07,-07:00,2026-04-09T16:36:07-07:00,3,74
cv/index.html,16,html,bcc90724,shivamsharma0608,2026-04-09,16:36:07,-07:00,2026-04-09T16:36:07-07:00,3,79
cv/index.html,17,html,bcc90724,shivamsharma0608,2026-04-09,16:36:07,-07:00,2026-04-09T16:36:07-07:00,3,72
cv/index.html,18,html,765d68a7,shivamsharma0608,2026-04-09,16:44:47,-07:00,2026-04-09T16:44:47-07:00,3,74
cv/index.html,19,html,bcc90724,shivamsharma0608,2026-04-09,16:36:07,-07:00,2026-04-09T16:36:07-07:00,2,2
cv/index.html,20,html,3f714ae7,shivamsharma0608,2026-04-03,16:22:14,-07:00,2026-04-03T16:22:14-07:00,0,0
cv/index.html,21,html,3f714ae7,shivamsharma0608,2026-04-03,16:22:14,-07:00,2026-04-03T16:22:14-07:00,2,7
cv/index.html,22,html,3f714ae7,shivamsharma0608,2026-04-03,16:22:14,-07:00,2026-04-03T16:22:14-07:00,3,16
cv/index.html,23,html,3f714ae7,shivamsharma0608,2026-04-03,16:22:14,-07:00,2026-04-03T16:22:14-07:00,3,7
cv/index.html,24,html,3f714ae7,shivamsharma0608,2026-04-03,16:22:14,-07:00,2026-04-03T16:22:14-07:00,4,6
cv/index.html,25,html,bcc90724,shivamsharma0608,2026-04-09,16:36:07,-07:00,2026-04-09T16:36:07-07:00,5,3
cv/index.html,26,html,bcc90724,shivamsharma0608,2026-04-09,16:36:07,-07:00,2026-04-09T16:36:07-07:00,6,19
cv/index.html,27,html,bcc90724,shivamsharma0608,2026-04-09,16:36:07,-07:00,2026-04-09T16:36:07-07:00,6,44
cv/index.html,28,html,bcc90724,shivamsharma0608,2026-04-09,16:36:07,-07:00,2026-04-09T16:36:07-07:00,5,4
cv/index.html,29,html,bcc90724,shivamsharma0608,2026-04-09,16:36:07,-07:00,2026-04-09T16:36:07-07:00,5,19
cv/index.html,30,html,bcc90724,shivamsharma0608,2026-04-09,16:36:07,-07:00,2026-04-09T16:36:07-07:00,6,23
cv/index.html,31,html,bcc90724,shivamsharma0608,2026-04-09,16:36:07,-07:00,2026-04-09T16:36:07-07:00,6,32
cv/index.html,32,html,bcc90724,shivamsharma0608,2026-04-09,16:36:07,-07:00,2026-04-09T16:36:07-07:00,5,4
cv/index.html,33,html,3f714ae7,shivamsharma0608,2026-04-03,16:22:14,-07:00,2026-04-03T16:22:14-07:00,4,7
cv/index.html,34,html,bcc90724,shivamsharma0608,2026-04-09,16:36:07,-07:00,2026-04-09T16:36:07-07:00,4,186
cv/index.html,35,html,3f714ae7,shivamsharma0608,2026-04-03,16:22:14,-07:00,2026-04-03T16:22:14-07:00,3,8
cv/index.html,36,html,3f714ae7,shivamsharma0608,2026-04-03,16:22:14,-07:00,2026-04-03T16:22:14-07:00,2,8
cv/index.html,37,html,3f714ae7,shivamsharma0608,2026-04-03,16:22:14,-07:00,2026-04-03T16:22:14-07:00,0,0
cv/index.html,38,html,bcc90724,shivamsharma0608,2026-04-09,16:36:07,-07:00,2026-04-09T16:36:07-07:00,2,7
cv/index.html,39,html,bcc90724,shivamsharma0608,2026-04-09,16:36:07,-07:00,2026-04-09T16:36:07-07:00,3,23
cv/index.html,40,html,bcc90724,shivamsharma0608,2026-04-09,16:36:07,-07:00,2026-04-09T16:36:07-07:00,3,22
cv/index.html,41,html,bcc90724,shivamsharma0608,2026-04-09,16:36:07,-07:00,2026-04-09T16:36:07-07:00,4,3
cv/index.html,42,html,bcc90724,shivamsharma0608,2026-04-09,16:36:07,-07:00,2026-04-09T16:36:07-07:00,5,16
cv/index.html,43,html,bcc90724,shivamsharma0608,2026-04-09,16:36:07,-07:00,2026-04-09T16:36:07-07:00,5,54
cv/index.html,44,html,bcc90724,shivamsharma0608,2026-04-09,16:36:07,-07:00,2026-04-09T16:36:07-07:00,4,4
cv/index.html,45,html,bcc90724,shivamsharma0608,2026-04-09,16:36:07,-07:00,2026-04-09T16:36:07-07:00,4,3
cv/index.html,46,html,bcc90724,shivamsharma0608,2026-04-09,16:36:07,-07:00,2026-04-09T16:36:07-07:00,5,22
cv/index.html,47,html,bcc90724,shivamsharma0608,2026-04-09,16:36:07,-07:00,2026-04-09T16:36:07-07:00,5,62
cv/index.html,48,html,bcc90724,shivamsharma0608,2026-04-09,16:36:07,-07:00,2026-04-09T16:36:07-07:00,4,4
cv/index.html,49,html,bcc90724,shivamsharma0608,2026-04-09,16:36:07,-07:00,2026-04-09T16:36:07-07:00,4,3
cv/index.html,50,html,bcc90724,shivamsharma0608,2026-04-09,16:36:07,-07:00,2026-04-09T16:36:07-07:00,5,17
cv/index.html,51,html,bcc90724,shivamsharma0608,2026-04-09,16:36:07,-07:00,2026-04-09T16:36:07-07:00,5,67
cv/index.html,52,html,bcc90724,shivamsharma0608,2026-04-09,16:36:07,-07:00,2026-04-09T16:36:07-07:00,4,4
cv/index.html,53,html,bcc90724,shivamsharma0608,2026-04-09,16:36:07,-07:00,2026-04-09T16:36:07-07:00,4,3
cv/index.html,54,html,bcc90724,shivamsharma0608,2026-04-09,16:36:07,-07:00,2026-04-09T16:36:07-07:00,5,16
cv/index.html,55,html,bcc90724,shivamsharma0608,2026-04-09,16:36:07,-07:00,2026-04-09T16:36:07-07:00,5,55
cv/index.html,56,html,bcc90724,shivamsharma0608,2026-04-09,16:36:07,-07:00,2026-04-09T16:36:07-07:00,4,4
cv/index.html,57,html,bcc90724,shivamsharma0608,2026-04-09,16:36:07,-07:00,2026-04-09T16:36:07-07:00,3,3
cv/index.html,58,html,bcc90724,shivamsharma0608,2026-04-09,16:36:07,-07:00,2026-04-09T16:36:07-07:00,2,8
cv/index.html,59,html,bcc90724,shivamsharma0608,2026-04-09,16:36:07,-07:00,2026-04-09T16:36:07-07:00,0,0
cv/index.html,60,html,3f714ae7,shivamsharma0608,2026-04-03,16:22:14,-07:00,2026-04-03T16:22:14-07:00,2,7
cv/index.html,61,html,3f714ae7,shivamsharma0608,2026-04-03,16:22:14,-07:00,2026-04-03T16:22:14-07:00,3,17
cv/index.html,62,html,3f714ae7,shivamsharma0608,2026-04-03,16:22:14,-07:00,2026-04-03T16:22:14-07:00,0,0
cv/index.html,63,html,3f714ae7,shivamsharma0608,2026-04-03,16:22:14,-07:00,2026-04-03T16:22:14-07:00,3,7
cv/index.html,64,html,3f714ae7,shivamsharma0608,2026-04-03,16:22:14,-07:00,2026-04-03T16:22:14-07:00,4,6
cv/index.html,65,html,bcc90724,shivamsharma0608,2026-04-09,16:36:07,-07:00,2026-04-09T16:36:07-07:00,5,3
cv/index.html,66,html,bcc90724,shivamsharma0608,2026-04-09,16:36:07,-07:00,2026-04-09T16:36:07-07:00,6,30
cv/index.html,67,html,bcc90724,shivamsharma0608,2026-04-09,16:36:07,-07:00,2026-04-09T16:36:07-07:00,6,31
cv/index.html,68,html,bcc90724,shivamsharma0608,2026-04-09,16:36:07,-07:00,2026-04-09T16:36:07-07:00,5,4
cv/index.html,69,html,bcc90724,shivamsharma0608,2026-04-09,16:36:07,-07:00,2026-04-09T16:36:07-07:00,5,19
cv/index.html,70,html,bcc90724,shivamsharma0608,2026-04-09,16:36:07,-07:00,2026-04-09T16:36:07-07:00,6,23
cv/index.html,71,html,bcc90724,shivamsharma0608,2026-04-09,16:36:07,-07:00,2026-04-09T16:36:07-07:00,6,30
cv/index.html,72,html,bcc90724,shivamsharma0608,2026-04-09,16:36:07,-07:00,2026-04-09T16:36:07-07:00,5,4
cv/index.html,73,html,3f714ae7,shivamsharma0608,2026-04-03,16:22:14,-07:00,2026-04-03T16:22:14-07:00,4,7
cv/index.html,74,html,3f714ae7,shivamsharma0608,2026-04-03,16:22:14,-07:00,2026-04-03T16:22:14-07:00,4,2
cv/index.html,75,html,bcc90724,shivamsharma0608,2026-04-09,16:36:07,-07:00,2026-04-09T16:36:07-07:00,5,105
cv/index.html,76,html,bcc90724,shivamsharma0608,2026-04-09,16:36:07,-07:00,2026-04-09T16:36:07-07:00,5,108
cv/index.html,77,html,bcc90724,shivamsharma0608,2026-04-09,16:36:07,-07:00,2026-04-09T16:36:07-07:00,5,112
cv/index.html,78,html,bcc90724,shivamsharma0608,2026-04-09,16:36:07,-07:00,2026-04-09T16:36:07-07:00,5,113
cv/index.html,79,html,3f714ae7,shivamsharma0608,2026-04-03,16:22:14,-07:00,2026-04-03T16:22:14-07:00,4,3
cv/index.html,80,html,3f714ae7,shivamsharma0608,2026-04-03,16:22:14,-07:00,2026-04-03T16:22:14-07:00,3,8
cv/index.html,81,html,3f714ae7,shivamsharma0608,2026-04-03,16:22:14,-07:00,2026-04-03T16:22:14-07:00,0,0
cv/index.html,82,html,3f714ae7,shivamsharma0608,2026-04-03,16:22:14,-07:00,2026-04-03T16:22:14-07:00,3,7
cv/index.html,83,html,3f714ae7,shivamsharma0608,2026-04-03,16:22:14,-07:00,2026-04-03T16:22:14-07:00,4,6
cv/index.html,84,html,bcc90724,shivamsharma0608,2026-04-09,16:36:07,-07:00,2026-04-09T16:36:07-07:00,5,3
cv/index.html,85,html,bcc90724,shivamsharma0608,2026-04-09,16:36:07,-07:00,2026-04-09T16:36:07-07:00,6,36
cv/index.html,86,html,bcc90724,shivamsharma0608,2026-04-09,16:36:07,-07:00,2026-04-09T16:36:07-07:00,6,22
cv/index.html,87,html,bcc90724,shivamsharma0608,2026-04-09,16:36:07,-07:00,2026-04-09T16:36:07-07:00,5,4
cv/index.html,88,html,bcc90724,shivamsharma0608,2026-04-09,16:36:07,-07:00,2026-04-09T16:36:07-07:00,5,19
cv/index.html,89,html,bcc90724,shivamsharma0608,2026-04-09,16:36:07,-07:00,2026-04-09T16:36:07-07:00,6,23
cv/index.html,90,html,bcc90724,shivamsharma0608,2026-04-09,16:36:07,-07:00,2026-04-09T16:36:07-07:00,6,34
cv/index.html,91,html,bcc90724,shivamsharma0608,2026-04-09,16:36:07,-07:00,2026-04-09T16:36:07-07:00,5,4
cv/index.html,92,html,3f714ae7,shivamsharma0608,2026-04-03,16:22:14,-07:00,2026-04-03T16:22:14-07:00,4,7
cv/index.html,93,html,3f714ae7,shivamsharma0608,2026-04-03,16:22:14,-07:00,2026-04-03T16:22:14-07:00,4,2
cv/index.html,94,html,bcc90724,shivamsharma0608,2026-04-09,16:36:07,-07:00,2026-04-09T16:36:07-07:00,5,117
cv/index.html,95,html,bcc90724,shivamsharma0608,2026-04-09,16:36:07,-07:00,2026-04-09T16:36:07-07:00,5,115
cv/index.html,96,html,bcc90724,shivamsharma0608,2026-04-09,16:36:07,-07:00,2026-04-09T16:36:07-07:00,5,115
cv/index.html,97,html,bcc90724,shivamsharma0608,2026-04-09,16:36:07,-07:00,2026-04-09T16:36:07-07:00,5,108
cv/index.html,98,html,3f714ae7,shivamsharma0608,2026-04-03,16:22:14,-07:00,2026-04-03T16:22:14-07:00,4,3
cv/index.html,99,html,3f714ae7,shivamsharma0608,2026-04-03,16:22:14,-07:00,2026-04-03T16:22:14-07:00,3,8
cv/index.html,100,html,3f714ae7,shivamsharma0608,2026-04-03,16:22:14,-07:00,2026-04-03T16:22:14-07:00,0,0
cv/index.html,101,html,3f714ae7,shivamsharma0608,2026-04-03,16:22:14,-07:00,2026-04-03T16:22:14-07:00,3,7
cv/index.html,102,html,3f714ae7,shivamsharma0608,2026-04-03,16:22:14,-07:00,2026-04-03T16:22:14-07:00,4,6
cv/index.html,103,html,bcc90724,shivamsharma0608,2026-04-09,16:36:07,-07:00,2026-04-09T16:36:07-07:00,5,3
cv/index.html,104,html,bcc90724,shivamsharma0608,2026-04-09,16:36:07,-07:00,2026-04-09T16:36:07-07:00,6,37
cv/index.html,105,html,bcc90724,shivamsharma0608,2026-04-09,16:36:07,-07:00,2026-04-09T16:36:07-07:00,6,14
cv/index.html,106,html,bcc90724,shivamsharma0608,2026-04-09,16:36:07,-07:00,2026-04-09T16:36:07-07:00,5,4
cv/index.html,107,html,bcc90724,shivamsharma0608,2026-04-09,16:36:07,-07:00,2026-04-09T16:36:07-07:00,5,19
cv/index.html,108,html,bcc90724,shivamsharma0608,2026-04-09,16:36:07,-07:00,2026-04-09T16:36:07-07:00,6,24
cv/index.html,109,html,bcc90724,shivamsharma0608,2026-04-09,16:36:07,-07:00,2026-04-09T16:36:07-07:00,6,32
cv/index.html,110,html,bcc90724,shivamsharma0608,2026-04-09,16:36:07,-07:00,2026-04-09T16:36:07-07:00,5,4
cv/index.html,111,html,3f714ae7,shivamsharma0608,2026-04-03,16:22:14,-07:00,2026-04-03T16:22:14-07:00,4,7
cv/index.html,112,html,3f714ae7,shivamsharma0608,2026-04-03,16:22:14,-07:00,2026-04-03T16:22:14-07:00,4,2
cv/index.html,113,html,bcc90724,shivamsharma0608,2026-04-09,16:36:07,-07:00,2026-04-09T16:36:07-07:00,5,113
cv/index.html,114,html,bcc90724,shivamsharma0608,2026-04-09,16:36:07,-07:00,2026-04-09T16:36:07-07:00,5,106
cv/index.html,115,html,bcc90724,shivamsharma0608,2026-04-09,16:36:07,-07:00,2026-04-09T16:36:07-07:00,5,120
cv/index.html,116,html,bcc90724,shivamsharma0608,2026-04-09,16:36:07,-07:00,2026-04-09T16:36:07-07:00,5,110
cv/index.html,117,html,3f714ae7,shivamsharma0608,2026-04-03,16:22:14,-07:00,2026-04-03T16:22:14-07:00,4,3
cv/index.html,118,html,3f714ae7,shivamsharma0608,2026-04-03,16:22:14,-07:00,2026-04-03T16:22:14-07:00,3,8
cv/index.html,119,html,3f714ae7,shivamsharma0608,2026-04-03,16:22:14,-07:00,2026-04-03T16:22:14-07:00,2,8
cv/index.html,120,html,3f714ae7,shivamsharma0608,2026-04-03,16:22:14,-07:00,2026-04-03T16:22:14-07:00,0,0
cv/index.html,121,html,3f714ae7,shivamsharma0608,2026-04-03,16:22:14,-07:00,2026-04-03T16:22:14-07:00,2,7
cv/index.html,122,html,3f714ae7,shivamsharma0608,2026-04-03,16:22:14,-07:00,2026-04-03T16:22:14-07:00,3,15
cv/index.html,123,html,bcc90724,shivamsharma0608,2026-04-09,16:36:07,-07:00,2026-04-09T16:36:07-07:00,0,0
cv/index.html,124,html,bcc90724,shivamsharma0608,2026-04-09,16:36:07,-07:00,2026-04-09T16:36:07-07:00,3,7
cv/index.html,125,html,bcc90724,shivamsharma0608,2026-04-09,16:36:07,-07:00,2026-04-09T16:36:07-07:00,4,6
cv/index.html,126,html,bcc90724,shivamsharma0608,2026-04-09,16:36:07,-07:00,2026-04-09T16:36:07-07:00,5,3
cv/index.html,127,html,bcc90724,shivamsharma0608,2026-04-09,16:36:07,-07:00,2026-04-09T16:36:07-07:00,6,35
cv/index.html,128,html,bcc90724,shivamsharma0608,2026-04-09,16:36:07,-07:00,2026-04-09T16:36:07-07:00,6,47
cv/index.html,129,html,bcc90724,shivamsharma0608,2026-04-09,16:36:07,-07:00,2026-04-09T16:36:07-07:00,5,4
cv/index.html,130,html,bcc90724,shivamsharma0608,2026-04-09,16:36:07,-07:00,2026-04-09T16:36:07-07:00,5,19
cv/index.html,131,html,bcc90724,shivamsharma0608,2026-04-09,16:36:07,-07:00,2026-04-09T16:36:07-07:00,6,30
cv/index.html,132,html,bcc90724,shivamsharma0608,2026-04-09,16:36:07,-07:00,2026-04-09T16:36:07-07:00,5,4
cv/index.html,133,html,bcc90724,shivamsharma0608,2026-04-09,16:36:07,-07:00,2026-04-09T16:36:07-07:00,4,7
cv/index.html,134,html,bcc90724,shivamsharma0608,2026-04-09,16:36:07,-07:00,2026-04-09T16:36:07-07:00,4,2
cv/index.html,135,html,bcc90724,shivamsharma0608,2026-04-09,16:36:07,-07:00,2026-04-09T16:36:07-07:00,5,103
cv/index.html,136,html,bcc90724,shivamsharma0608,2026-04-09,16:36:07,-07:00,2026-04-09T16:36:07-07:00,5,115
cv/index.html,137,html,bcc90724,shivamsharma0608,2026-04-09,16:36:07,-07:00,2026-04-09T16:36:07-07:00,5,107
cv/index.html,138,html,bcc90724,shivamsharma0608,2026-04-09,16:36:07,-07:00,2026-04-09T16:36:07-07:00,5,112
cv/index.html,139,html,bcc90724,shivamsharma0608,2026-04-09,16:36:07,-07:00,2026-04-09T16:36:07-07:00,4,3
cv/index.html,140,html,bcc90724,shivamsharma0608,2026-04-09,16:36:07,-07:00,2026-04-09T16:36:07-07:00,3,8
cv/index.html,141,html,bcc90724,shivamsharma0608,2026-04-09,16:36:07,-07:00,2026-04-09T16:36:07-07:00,0,0
cv/index.html,142,html,bcc90724,shivamsharma0608,2026-04-09,16:36:07,-07:00,2026-04-09T16:36:07-07:00,3,7
cv/index.html,143,html,bcc90724,shivamsharma0608,2026-04-09,16:36:07,-07:00,2026-04-09T16:36:07-07:00,4,6
cv/index.html,144,html,bcc90724,shivamsharma0608,2026-04-09,16:36:07,-07:00,2026-04-09T16:36:07-07:00,5,3
cv/index.html,145,html,bcc90724,shivamsharma0608,2026-04-09,16:36:07,-07:00,2026-04-09T16:36:07-07:00,6,34
cv/index.html,146,html,bcc90724,shivamsharma0608,2026-04-09,16:36:07,-07:00,2026-04-09T16:36:07-07:00,6,41
cv/index.html,147,html,bcc90724,shivamsharma0608,2026-04-09,16:36:07,-07:00,2026-04-09T16:36:07-07:00,5,4
cv/index.html,148,html,bcc90724,shivamsharma0608,2026-04-09,16:36:07,-07:00,2026-04-09T16:36:07-07:00,5,19
cv/index.html,149,html,bcc90724,shivamsharma0608,2026-04-09,16:36:07,-07:00,2026-04-09T16:36:07-07:00,6,21
cv/index.html,150,html,bcc90724,shivamsharma0608,2026-04-09,16:36:07,-07:00,2026-04-09T16:36:07-07:00,5,4
cv/index.html,151,html,bcc90724,shivamsharma0608,2026-04-09,16:36:07,-07:00,2026-04-09T16:36:07-07:00,4,7
cv/index.html,152,html,bcc90724,shivamsharma0608,2026-04-09,16:36:07,-07:00,2026-04-09T16:36:07-07:00,4,2
cv/index.html,153,html,bcc90724,shivamsharma0608,2026-04-09,16:36:07,-07:00,2026-04-09T16:36:07-07:00,5,109
cv/index.html,154,html,bcc90724,shivamsharma0608,2026-04-09,16:36:07,-07:00,2026-04-09T16:36:07-07:00,5,120
cv/index.html,155,html,bcc90724,shivamsharma0608,2026-04-09,16:36:07,-07:00,2026-04-09T16:36:07-07:00,5,111
cv/index.html,156,html,bcc90724,shivamsharma0608,2026-04-09,16:36:07,-07:00,2026-04-09T16:36:07-07:00,5,107
cv/index.html,157,html,bcc90724,shivamsharma0608,2026-04-09,16:36:07,-07:00,2026-04-09T16:36:07-07:00,4,3
cv/index.html,158,html,bcc90724,shivamsharma0608,2026-04-09,16:36:07,-07:00,2026-04-09T16:36:07-07:00,3,8
cv/index.html,159,html,bcc90724,shivamsharma0608,2026-04-09,16:36:07,-07:00,2026-04-09T16:36:07-07:00,0,0
cv/index.html,160,html,3f714ae7,shivamsharma0608,2026-04-03,16:22:14,-07:00,2026-04-03T16:22:14-07:00,3,7
cv/index.html,161,html,bcc90724,shivamsharma0608,2026-04-09,16:36:07,-07:00,2026-04-09T16:36:07-07:00,4,6
cv/index.html,162,html,bcc90724,shivamsharma0608,2026-04-09,16:36:07,-07:00,2026-04-09T16:36:07-07:00,5,3
cv/index.html,163,html,bcc90724,shivamsharma0608,2026-04-09,16:36:07,-07:00,2026-04-09T16:36:07-07:00,6,33
cv/index.html,164,html,bcc90724,shivamsharma0608,2026-04-09,16:36:07,-07:00,2026-04-09T16:36:07-07:00,6,39
cv/index.html,165,html,bcc90724,shivamsharma0608,2026-04-09,16:36:07,-07:00,2026-04-09T16:36:07-07:00,5,4
cv/index.html,166,html,bcc90724,shivamsharma0608,2026-04-09,16:36:07,-07:00,2026-04-09T16:36:07-07:00,5,19
cv/index.html,167,html,bcc90724,shivamsharma0608,2026-04-09,16:36:07,-07:00,2026-04-09T16:36:07-07:00,6,32
cv/index.html,168,html,bcc90724,shivamsharma0608,2026-04-09,16:36:07,-07:00,2026-04-09T16:36:07-07:00,5,4
cv/index.html,169,html,bcc90724,shivamsharma0608,2026-04-09,16:36:07,-07:00,2026-04-09T16:36:07-07:00,4,7
cv/index.html,170,html,bcc90724,shivamsharma0608,2026-04-09,16:36:07,-07:00,2026-04-09T16:36:07-07:00,4,2
cv/index.html,171,html,bcc90724,shivamsharma0608,2026-04-09,16:36:07,-07:00,2026-04-09T16:36:07-07:00,5,113
cv/index.html,172,html,bcc90724,shivamsharma0608,2026-04-09,16:36:07,-07:00,2026-04-09T16:36:07-07:00,5,110
cv/index.html,173,html,bcc90724,shivamsharma0608,2026-04-09,16:36:07,-07:00,2026-04-09T16:36:07-07:00,5,112
cv/index.html,174,html,bcc90724,shivamsharma0608,2026-04-09,16:36:07,-07:00,2026-04-09T16:36:07-07:00,4,3
cv/index.html,175,html,bcc90724,shivamsharma0608,2026-04-09,16:36:07,-07:00,2026-04-09T16:36:07-07:00,3,8
cv/index.html,176,html,bcc90724,shivamsharma0608,2026-04-09,16:36:07,-07:00,2026-04-09T16:36:07-07:00,0,0
cv/index.html,177,html,bcc90724,shivamsharma0608,2026-04-09,16:36:07,-07:00,2026-04-09T16:36:07-07:00,3,7
cv/index.html,178,html,bcc90724,shivamsharma0608,2026-04-09,16:36:07,-07:00,2026-04-09T16:36:07-07:00,4,6
cv/index.html,179,html,bcc90724,shivamsharma0608,2026-04-09,16:36:07,-07:00,2026-04-09T16:36:07-07:00,5,3
cv/index.html,180,html,bcc90724,shivamsharma0608,2026-04-09,16:36:07,-07:00,2026-04-09T16:36:07-07:00,6,38
cv/index.html,181,html,bcc90724,shivamsharma0608,2026-04-09,16:36:07,-07:00,2026-04-09T16:36:07-07:00,6,40
cv/index.html,182,html,bcc90724,shivamsharma0608,2026-04-09,16:36:07,-07:00,2026-04-09T16:36:07-07:00,5,4
cv/index.html,183,html,bcc90724,shivamsharma0608,2026-04-09,16:36:07,-07:00,2026-04-09T16:36:07-07:00,5,19
cv/index.html,184,html,bcc90724,shivamsharma0608,2026-04-09,16:36:07,-07:00,2026-04-09T16:36:07-07:00,6,32
cv/index.html,185,html,bcc90724,shivamsharma0608,2026-04-09,16:36:07,-07:00,2026-04-09T16:36:07-07:00,5,4
cv/index.html,186,html,bcc90724,shivamsharma0608,2026-04-09,16:36:07,-07:00,2026-04-09T16:36:07-07:00,4,7
cv/index.html,187,html,bcc90724,shivamsharma0608,2026-04-09,16:36:07,-07:00,2026-04-09T16:36:07-07:00,4,2
cv/index.html,188,html,bcc90724,shivamsharma0608,2026-04-09,16:36:07,-07:00,2026-04-09T16:36:07-07:00,5,116
cv/index.html,189,html,bcc90724,shivamsharma0608,2026-04-09,16:36:07,-07:00,2026-04-09T16:36:07-07:00,5,121
cv/index.html,190,html,bcc90724,shivamsharma0608,2026-04-09,16:36:07,-07:00,2026-04-09T16:36:07-07:00,5,106
cv/index.html,191,html,bcc90724,shivamsharma0608,2026-04-09,16:36:07,-07:00,2026-04-09T16:36:07-07:00,5,106
cv/index.html,192,html,bcc90724,shivamsharma0608,2026-04-09,16:36:07,-07:00,2026-04-09T16:36:07-07:00,4,3
cv/index.html,193,html,3f714ae7,shivamsharma0608,2026-04-03,16:22:14,-07:00,2026-04-03T16:22:14-07:00,3,8
cv/index.html,194,html,3f714ae7,shivamsharma0608,2026-04-03,16:22:14,-07:00,2026-04-03T16:22:14-07:00,2,8
cv/index.html,195,html,3f714ae7,shivamsharma0608,2026-04-03,16:22:14,-07:00,2026-04-03T16:22:14-07:00,0,0
cv/index.html,196,html,3f714ae7,shivamsharma0608,2026-04-03,16:22:14,-07:00,2026-04-03T16:22:14-07:00,1,5
cv/index.html,197,html,3f714ae7,shivamsharma0608,2026-04-03,16:22:14,-07:00,2026-04-03T16:22:14-07:00,0,5
contact/index.html,1,html,3f714ae7,shivamsharma0608,2026-04-03,16:22:14,-07:00,2026-04-03T16:22:14-07:00,0,13
contact/index.html,2,html,3f714ae7,shivamsharma0608,2026-04-03,16:22:14,-07:00,2026-04-03T16:22:14-07:00,0,14
contact/index.html,3,html,3f714ae7,shivamsharma0608,2026-04-03,16:22:14,-07:00,2026-04-03T16:22:14-07:00,0,4
contact/index.html,4,html,3f714ae7,shivamsharma0608,2026-04-03,16:22:14,-07:00,2026-04-03T16:22:14-07:00,2,20
contact/index.html,5,html,3f714ae7,shivamsharma0608,2026-04-03,16:22:14,-07:00,2026-04-03T16:22:14-07:00,2,68
contact/index.html,6,html,ec37ffe6,shivamsharma0608,2026-04-09,16:39:24,-07:00,2026-04-09T16:39:24-07:00,2,36
contact/index.html,7,html,ec37ffe6,shivamsharma0608,2026-04-09,16:39:24,-07:00,2026-04-09T16:39:24-07:00,2,41
contact/index.html,8,html,f132b532,shivamsharma0608,2026-04-16,16:50:11,-07:00,2026-04-16T16:50:11-07:00,2,48
contact/index.html,9,html,3f714ae7,shivamsharma0608,2026-04-03,16:22:14,-07:00,2026-04-03T16:22:14-07:00,0,5
contact/index.html,10,html,3f714ae7,shivamsharma0608,2026-04-03,16:22:14,-07:00,2026-04-03T16:22:14-07:00,0,4
contact/index.html,11,html,8e0d1658,shivamsharma0608,2026-04-16,15:39:56,-07:00,2026-04-16T15:39:56-07:00,1,0
contact/index.html,12,html,ec37ffe6,shivamsharma0608,2026-04-09,16:39:24,-07:00,2026-04-09T16:39:24-07:00,0,0
contact/index.html,13,html,ec37ffe6,shivamsharma0608,2026-04-09,16:39:24,-07:00,2026-04-09T16:39:24-07:00,2,14
contact/index.html,14,html,ec37ffe6,shivamsharma0608,2026-04-09,16:39:24,-07:00,2026-04-09T16:39:24-07:00,0,0
contact/index.html,15,html,8e0d1658,shivamsharma0608,2026-04-16,15:39:56,-07:00,2026-04-16T15:39:56-07:00,2,60
contact/index.html,16,html,ec37ffe6,shivamsharma0608,2026-04-09,16:39:24,-07:00,2026-04-09T16:39:24-07:00,4,5
contact/index.html,17,html,ec37ffe6,shivamsharma0608,2026-04-09,16:39:24,-07:00,2026-04-09T16:39:24-07:00,6,5
contact/index.html,18,html,ec37ffe6,shivamsharma0608,2026-04-09,16:39:24,-07:00,2026-04-09T16:39:24-07:00,6,20
contact/index.html,19,html,ec37ffe6,shivamsharma0608,2026-04-09,16:39:24,-07:00,2026-04-09T16:39:24-07:00,4,6
contact/index.html,20,html,ec37ffe6,shivamsharma0608,2026-04-09,16:39:24,-07:00,2026-04-09T16:39:24-07:00,0,0
contact/index.html,21,html,ec37ffe6,shivamsharma0608,2026-04-09,16:39:24,-07:00,2026-04-09T16:39:24-07:00,4,5
contact/index.html,22,html,ec37ffe6,shivamsharma0608,2026-04-09,16:39:24,-07:00,2026-04-09T16:39:24-07:00,6,5
contact/index.html,23,html,ec37ffe6,shivamsharma0608,2026-04-09,16:39:24,-07:00,2026-04-09T16:39:24-07:00,6,31
contact/index.html,24,html,ec37ffe6,shivamsharma0608,2026-04-09,16:39:24,-07:00,2026-04-09T16:39:24-07:00,4,6
contact/index.html,25,html,ec37ffe6,shivamsharma0608,2026-04-09,16:39:24,-07:00,2026-04-09T16:39:24-07:00,0,0
contact/index.html,26,html,ec37ffe6,shivamsharma0608,2026-04-09,16:39:24,-07:00,2026-04-09T16:39:24-07:00,4,21
contact/index.html,27,html,ec37ffe6,shivamsharma0608,2026-04-09,16:39:24,-07:00,2026-04-09T16:39:24-07:00,2,5
contact/index.html,28,html,3f714ae7,shivamsharma0608,2026-04-03,16:22:14,-07:00,2026-04-03T16:22:14-07:00,0,5
contact/index.html,29,html,3f714ae7,shivamsharma0608,2026-04-03,16:22:14,-07:00,2026-04-03T16:22:14-07:00,0,5
